,0
2010-09-08,100000.0
2010-09-09,99095.824319
2010-09-10,98802.469319
2010-09-12,99417.02747999999
2010-09-14,100048.35838300001
2010-09-15,98825.203955
2010-09-16,98990.860754
2010-09-17,99287.171191
2010-09-19,99344.720947
2010-09-20,99275.65919899999
2010-09-21,99381.26268399999
2010-09-22,100907.293649
2010-09-23,100829.36559
2010-09-24,101802.440488
2010-09-26,101958.29660599999
2010-09-27,101166.112673
2010-09-28,101984.73300800001
2010-09-29,102404.54208300001
2010-09-30,102703.025914
2010-10-01,103391.612123
2010-10-03,103465.60212299999
2010-10-04,102736.832123
2010-10-05,105909.53212300001
2010-10-06,106739.712123
2010-10-07,105169.022123
2010-10-08,107098.272123
2010-10-10,108337.682123
2010-10-11,107460.87212300001
2010-10-12,107604.992123
2010-10-13,110150.232123
2010-10-14,111759.742123
2010-10-15,110535.862123
2010-10-17,110079.862123
2010-10-18,110512.452123
2010-10-19,106778.272123
2010-10-20,108976.512123
2010-10-21,106131.19212300002
2010-10-22,106458.552123
2010-10-24,107043.262123
2010-10-25,107768.272123
2010-10-26,108898.32212299999
2010-10-27,107374.272123
2010-10-28,108703.552123
2010-10-29,111081.06212300001
2010-10-31,111790.362123
2010-11-01,110839.272123
2010-11-02,111538.47212299999
2010-11-03,111104.87212300001
2010-11-04,115869.672123
2010-11-05,117239.272123
2010-11-07,117892.07212299999
2010-11-08,119132.07212299999
2010-11-09,118517.672123
2010-11-10,117469.672123
2010-11-11,118503.272123
2010-11-12,112885.672123
2010-11-14,112855.272123
2010-11-15,111448.87212300001
2010-11-16,110295.272123
2010-11-18,114610.47212299999
2010-11-19,115308.07212299999
2010-11-21,116298.47212300001
2010-11-22,116029.672123
2010-11-23,114999.272123
2010-11-24,115503.272123
2010-11-25,115485.672123
2010-11-26,53661.672123
2010-11-28,112797.672123
2010-11-29,114218.47212299999
2010-11-30,116624.87212299998
2010-12-01,118402.472123
2010-12-02,120026.822123
2010-12-03,122142.57212299999
2010-12-05,122183.522123
2010-12-06,121487.372123
2010-12-07,120695.672123
2010-12-08,121268.972123
2010-12-09,120955.02212299999
2010-12-10,119931.27212299999
2010-12-12,119453.522123
2010-12-13,120750.272123
2010-12-14,120409.022123
2010-12-15,120559.172123
2010-12-16,120136.022123
2010-12-17,120463.622123
2010-12-19,120641.072123
2010-12-20,121896.87212300001
2010-12-21,123002.52212299999
2010-12-22,123671.37212300001
2010-12-23,124831.622123
2010-12-26,124067.22212299999
2010-12-27,124244.67212300001
2010-12-28,124449.422123
2010-12-29,124476.72212300001
2010-12-30,122470.17212300001
2010-12-31,124817.97212300001
2011-01-02,124667.822123
2011-01-03,124193.063123
2011-01-04,122489.516123
2011-01-05,123117.87362299999
2011-01-06,120520.662623
2011-01-07,119640.96212299999
2011-01-09,120408.95462299998
2011-01-10,119682.85262299998
2011-01-11,121218.83762299998
2011-01-12,123187.69112299998
2011-01-13,122000.79362299999
2011-01-14,123843.97562299999
2011-01-16,124234.953623
2011-01-17,122601.22412299998
2011-01-18,123648.486623
2011-01-19,121707.56012299999
2011-01-20,118831.07912299999
2011-01-21,120436.881623
2011-01-23,120422.918123
2011-01-24,121344.50912299998
2011-01-25,118551.809123
2011-01-26,119892.305123
2011-01-27,120618.407123
2011-01-28,121623.779123
2011-01-30,121107.129623
2011-01-31,124625.931623
2011-02-01,127125.39812299998
2011-02-02,127404.668123
2011-02-03,126971.799623
2011-02-04,128242.47812299998
2011-02-06,127963.20812299999
2011-02-07,126901.98212299998
2011-02-08,128326.25912299998
2011-02-09,126371.369123
2011-02-10,127069.54412299999
2011-02-11,127083.50762300001
2011-02-13,127460.522123
2011-02-14,129610.90112299999
2011-02-15,126455.15012299998
2011-02-16,125449.778123
2011-02-17,126008.31812299998
2011-02-18,125030.873123
2011-02-20,125477.705123
2011-02-21,125156.54462299998
2011-02-22,120953.53112300001
2011-02-23,120339.137123
2011-02-24,121162.983623
2011-02-25,124374.58862299999
2011-02-27,123969.647123
2011-02-28,125435.814623
2011-03-01,124779.53012299999
2011-03-02,124986.319823
2011-03-03,125010.64802299999
2011-03-04,124998.48392299999
2011-03-06,125132.28902299998
2011-03-07,124974.15572299999
2011-03-08,125253.930023
2011-03-09,125558.03252299999
2011-03-10,124743.03782299999
2011-03-11,124743.03782299999
2011-03-13,124901.17112299998
2011-03-14,124609.23272299998
2011-03-15,123380.65862299998
2011-03-16,122322.381923
2011-03-17,123307.67402299999
2011-03-18,123222.52532299997
2011-03-20,123417.15092299998
2011-03-21,124037.52002299999
2011-03-22,123660.43292299997
2011-03-23,123818.56622299999
2011-03-24,124317.29432299998
2011-03-25,123782.07392299999
2011-03-27,123709.08932299996
2011-03-28,124171.32512299997
2011-03-29,124694.38142299997
2011-03-30,124937.66342299998
2011-03-31,125205.273623
2011-04-01,126068.92472299997
2011-04-03,126427.50472299996
2011-04-04,127373.60972299997
2011-04-05,128095.89472299996
2011-04-06,128980.58972299997
2011-04-07,130094.89972299997
2011-04-08,133967.71472299995
2011-04-10,134595.814723
2011-04-11,130745.39472299996
2011-04-12,128318.53472299998
2011-04-13,129989.23472299997
2011-04-14,133637.38472299994
2011-04-15,135371.05472299998
2011-04-17,135676.73972299998
2011-04-18,134440.76972299995
2011-04-19,135963.54472299997
2011-04-20,140094.84972299996
2011-04-21,143009.88972299994
2011-04-24,144320.28972299997
2011-04-25,142964.28472299996
2011-04-26,141965.36472299998
2011-04-27,146302.92972299998
2011-04-28,146041.82972299994
2011-04-29,145867.944723
2011-05-01,138789.70472299994
2011-05-02,139933.50472299996
2011-05-03,134030.18472299993
2011-05-04,129751.10472299994
2011-05-05,120373.40472299996
2011-05-06,123428.76472299994
2011-05-08,123663.62472299996
2011-05-09,127493.10472299994
2011-05-10,129039.18472299995
2011-05-11,123704.80472299995
2011-05-12,122667.24472299995
2011-05-13,122924.24472299995
2011-05-15,122469.28472299995
2011-05-16,120355.72472299993
2011-05-17,120537.02472299995
2011-05-18,122857.94472299996
2011-05-19,122640.98472299994
2011-05-20,123349.08472299995
2011-05-22,123962.74472299995
2011-05-23,123216.68472299995
2011-05-24,126345.66472299994
2011-05-25,128227.34472299996
2011-05-26,127607.26472299994
2011-05-27,129041.28472299995
2011-05-29,129399.44472299995
2011-05-30,129512.02472299995
2011-05-31,129728.62472299996
2011-06-01,127849.48472299997
2011-06-02,127250.78472299996
2011-06-03,127526.88472299997
2011-06-05,127949.58472299995
2011-06-06,127512.58472299995
2011-06-07,128209.78472299996
2011-06-08,127743.98472299997
2011-06-09,128327.18472299995
2011-06-10,127481.28472299996
2011-06-12,127386.58472299995
2011-06-13,126133.78472299996
2011-06-14,126325.98472299997
2011-06-15,125657.28472299996
2011-06-16,125206.98472299997
2011-06-17,125327.08472299995
2011-06-19,125537.08472299995
2011-06-20,124647.58472299995
2011-06-21,125394.68472299995
2011-06-22,125092.28472299996
2011-06-23,123004.18472299995
2011-06-24,121325.08472299995
2011-06-26,121208.88472299997
2011-06-27,121289.28472299996
2011-06-28,121542.48472299997
2011-06-29,123072.98472299997
2011-06-30,122547.58472299995
2011-07-01,121837.48472299997
2011-07-03,121817.80177099997
2011-07-04,121973.16767499995
2011-07-05,121659.73446499996
2011-07-06,122095.35660499995
2011-07-07,122129.03306299995
2011-07-08,122365.42391099996
2011-07-10,122115.89948299996
2011-07-11,122024.69859699995
2011-07-12,122452.68117899998
2011-07-13,122858.30981299997
2011-07-14,122613.13283899997
2011-07-15,122890.40103099996
2011-07-17,122803.92545899996
2011-07-18,122540.52914899995
2011-07-19,123151.35217499995
2011-07-20,123452.75497899996
2011-07-21,124312.34671299995
2011-07-22,124024.95040299997
2011-07-24,123733.20663899995
2011-07-25,123856.25549499996
2011-07-26,123719.21313299995
2011-07-27,122976.42051299996
2011-07-28,122865.91453499996
2011-07-29,123528.25106499996
2011-07-31,123449.41505099996
2011-08-01,122561.50626899998
2011-08-02,124121.58066899996
2011-08-03,124458.66941899998
2011-08-04,122241.52186899996
2011-08-05,123587.15011899997
2011-08-07,124604.53266899995
2011-08-08,126348.24231899995
2011-08-09,128298.72406899996
2011-08-10,130230.35621899998
2011-08-11,128018.92521899997
2011-08-12,127999.68411899995
2011-08-14,127361.33761899997
2011-08-15,128638.85001899998
2011-08-16,129426.87171899999
2011-08-17,129575.80581899997
2011-08-18,130984.99961899995
2011-08-19,132052.62441899997
2011-08-21,132502.74071899996
2011-08-22,133832.17056899998
2011-08-23,131415.29031899996
2011-08-24,127846.19421899997
2011-08-25,128107.14346899997
2011-08-26,131074.89031899997
2011-08-28,130793.26241899998
2011-08-29,129401.71281899995
2011-08-30,131036.37171899999
2011-08-31,130918.01086899996
2011-09-01,130796.02831899995
2011-09-02,133841.02831899995
2011-09-04,133879.52831899995
2011-09-05,134453.52831899995
2011-09-06,132423.52831899995
2011-09-07,129445.02831899995
2011-09-08,132066.52831899995
2011-09-09,131268.52831899995
2011-09-11,131282.52831899995
2011-09-12,129487.02831899995
2011-09-13,129907.02831899995
2011-09-14,129543.02831899995
2011-09-15,126827.02831899995
2011-09-16,128710.02831899995
2011-09-18,129574.52831899995
2011-09-19,126445.52831899995
2011-09-20,127229.52831899995
2011-09-21,126158.52831899995
2011-09-22,122434.52831899995
2011-09-23,116523.02831899995
2011-09-25,115998.02831899995
2011-09-26,113033.52831899995
2011-09-27,114006.52831899995
2011-09-28,110377.02831899995
2011-09-29,112316.02831899995
2011-09-30,112120.02831899995
2011-10-02,112340.52831899995
2011-10-03,114070.03860399994
2011-10-04,112658.56255899995
2011-10-05,112894.09434399995
2011-10-06,113492.59361399995
2011-10-07,112985.56720399996
2011-10-09,113133.95791399994
2011-10-10,114260.38896899996
2011-10-11,113835.66647399997
2011-10-12,114073.04152399994
2011-10-13,113873.52221399994
2011-10-14,114037.40582399996
2011-10-16,114072.33760899995
2011-10-17,114115.90363399996
2011-10-18,113577.82148399996
2011-10-19,112992.04006399997
2011-10-20,112121.91756899995
2011-10-21,113424.28677899996
2011-10-23,113348.12858399996
2011-10-24,113759.07284399995
2011-10-25,115552.78604899996
2011-10-26,116265.19998399995
2011-10-27,117202.21245899994
2011-10-28,117157.50708399995
2011-10-30,117214.42493399995
2011-10-31,114401.62095399995
2011-11-01,114461.61166399994
2011-11-02,115434.09166399995
2011-11-03,117641.09166399995
2011-11-04,117766.57166399996
2011-11-06,117996.73166399996
2011-11-07,118863.53166399995
2011-11-08,119993.17166399996
2011-11-09,117628.69166399995
2011-11-10,119361.93166399995
2011-11-11,121460.97166399995
2011-11-13,121709.57166399996
2011-11-14,120527.89166399997
2011-11-15,121106.69166399995
2011-11-16,122010.33166399997
2011-11-17,119405.37166399995
2011-11-18,118963.69166399995
2011-11-20,118892.69166399995
2011-11-21,117548.01166399996
2011-11-22,117953.21166399994
2011-11-23,115813.21166399994
2011-11-24,116236.69166399995
2011-11-25,116555.77166399994
2011-11-27,117621.01166399996
2011-11-28,118085.77166399994
2011-11-29,119121.49166399994
2011-11-30,121872.77166399994
2011-12-01,121500.53166399995
2011-12-02,122177.51166399996
2011-12-04,122754.96166399994
2011-12-05,122104.38166399996
2011-12-06,122939.28166399995
2011-12-07,122786.19166399995
2011-12-08,120441.86166399997
2011-12-09,122433.41166399996
2011-12-11,122228.08166399997
2011-12-12,119877.99166399994
2011-12-13,120926.25166399995
2011-12-14,117303.02166399994
2011-12-15,116777.87166399995
2011-12-16,116576.06166399995
2011-12-18,116466.10166399996
2011-12-19,116619.93166399995
2011-12-20,119883.09166399995
2011-12-21,121034.60166399996
2011-12-22,121823.12166399995
2011-12-23,122496.62166399995
2011-12-26,61371.27166399995
2011-12-27,123205.72166399995
2011-12-28,121879.13166399996
2011-12-29,122382.36166399997
2011-12-30,121666.02166399994
2012-01-02,61692.981663999955
2012-01-03,63338.50166399995
2012-01-04,63418.32166399996
2012-01-05,62399.08166399995
2012-01-06,62669.24166399996
2012-01-08,62386.801663999955
2012-01-09,62362.24166399996
2012-01-10,62841.16166399995
2012-01-11,62288.56166399996
2012-01-12,61072.84166399995
2012-01-13,60888.64166399995
2012-01-15,60778.12166399995
2012-01-16,61128.10166399996
2012-01-17,62257.86166399996
2012-01-18,62399.08166399995
2012-01-19,61785.08166399995
2012-01-20,60323.761663999954
2012-01-22,60010.62166399995
2012-01-23,61422.82166399996
2012-01-24,60993.021663999956
2012-01-25,61410.54166399995
2012-01-26,61343.00166399995
2012-01-27,61336.86166399996
2012-01-29,61189.50166399995
2012-01-30,60919.34166399995
2012-01-31,60532.521663999956
2012-02-01,59875.54166399995
2012-02-02,59195.419163999955
2012-02-03,61063.801663999955
2012-02-12,60727.64916399995
2012-02-13,59789.54916399995
2012-02-14,59898.99416399995
2012-02-15,59539.38916399995
2012-02-16,59562.841663999956
2012-02-17,58132.239163999955
2012-02-19,58874.90166399995
2012-02-20,58507.47916399995
2012-02-21,60000.621663999955
2012-02-22,59914.629163999954
2012-02-23,59734.82666399996
2012-02-24,60375.86166399995
2012-02-26,60250.78166399995
2012-02-27,60360.22666399996
2012-02-28,61141.97666399995
2012-02-29,60454.036663999956
2012-03-01,61509.39916399996
2012-03-02,61087.254163999954
2012-03-04,61071.61916399996
2012-03-05,60579.11666399995
2012-03-06,58491.84416399996
2012-03-07,58984.34666399995
2012-03-08,59406.49166399996
2012-03-09,60266.41666399995
2012-03-11,60360.22666399996
2012-03-12,60156.97166399996
2012-03-13,61141.97666399995
2012-03-14,59977.169163999955
2012-03-15,60790.18916399995
2012-03-16,60735.466663999956
2012-03-18,60610.386663999954
2012-03-19,60985.62666399996
2012-03-20,60149.154163999956
2012-03-21,60086.614163999955
2012-03-22,59179.78416399996
2012-03-23,59531.57166399996
2012-03-25,59570.65916399995
2012-03-26,60813.64166399995
2012-03-27,60477.489163999955
2012-03-28,59625.38166399995
2012-03-29,59594.11166399996
2012-03-30,59789.54916399995
2012-04-01,60360.22666399996
2012-04-02,60504.42666399997
2012-04-03,60154.42666399997
2012-04-04,59145.826663999964
2012-04-05,59198.826663999964
2012-04-06,30004.82666399996
2012-04-08,59190.42666399997
2012-04-09,30008.82666399996
2012-04-10,29698.82666399996
2012-04-11,58415.42666399997
2012-04-12,59163.02666399996
2012-04-13,58451.42666399997
2012-04-15,58332.826663999964
2012-04-16,58388.826663999964
2012-04-17,58868.826663999964
2012-04-18,58711.02666399996
2012-04-19,58553.02666399996
2012-04-20,58726.826663999964
2012-04-22,58744.62666399997
2012-04-23,58140.826663999964
2012-04-24,58179.22666399996
2012-04-25,58369.02666399996
2012-04-26,58765.22666399996
2012-04-27,58983.42666399997
2012-04-29,59032.826663999964
2012-04-30,58957.42666399997
2012-05-01,59037.22666399996
2012-05-02,58941.22666399996
2012-05-03,58709.22666399996
2012-05-04,57933.22666399996
2012-05-06,57457.22666399996
2012-05-07,58013.22666399996
2012-05-08,57581.22666399996
2012-05-09,57213.22666399996
2012-05-10,57133.22666399996
2012-05-11,57281.22666399996
2012-05-13,57149.22666399996
2012-05-14,56845.22666399996
2012-05-15,56657.22666399996
2012-05-16,56557.22666399996
2012-05-17,55893.22666399996
2012-05-18,55457.22666399996
2012-05-20,55585.22666399996
2012-05-21,56085.22666399996
2012-05-22,55917.22666399996
2012-05-23,55789.22666399996
2012-05-24,56233.22666399996
2012-05-25,55841.22666399996
2012-05-27,56097.22666399996
2012-05-28,55965.22666399996
2012-05-29,56357.22666399996
2012-05-30,55661.22666399996
2012-05-31,55641.22666399996
2012-06-01,54537.22666399996
2012-06-03,54494.685933999965
2012-06-04,54298.99857599996
2012-06-05,54030.99197699996
2012-06-06,53648.12540699996
2012-06-07,53371.61066199996
2012-06-08,53503.48692499996
2012-06-10,53469.45434099996
2012-06-11,53639.61726099996
2012-06-12,53494.97877899996
2012-06-13,53592.82245799996
2012-06-14,53558.789873999965
2012-06-15,53660.88762599996
2012-06-17,54060.770487999966
2012-06-18,53899.11571399996
2012-06-19,53869.33720299997
2012-06-20,53609.838749999966
2012-06-21,53197.193668999964
2012-06-22,52950.45743499996
2012-06-24,52856.867828999966
2012-06-25,53465.20026799996
2012-06-26,53592.82245799996
2012-06-27,53452.43804899996
2012-06-28,53699.174282999964
2012-06-29,53358.848442999966
2012-07-01,53333.32400499996
2012-07-02,53597.07653099996
2012-07-03,53329.06993199996
2012-07-04,53261.00476399996
2012-07-05,53312.05363999996
2012-07-06,53452.43804899996
2012-07-08,53554.53580099996
2012-07-09,53511.99507099996
2012-07-10,53648.12540699996
2012-07-11,53477.96248699996
2012-07-12,53669.39577199996
2012-07-13,53771.49352399996
2012-07-15,53767.23945099996
2012-07-16,53996.95939299996
2012-07-17,53831.05054599996
2012-07-18,54018.22975799996
2012-07-20,54222.42526199996
2012-07-22,54247.94969999996
2012-07-23,54371.31781699997
2012-07-24,54490.43186099996
2012-07-25,54498.94000699996
2012-07-26,54345.79337899996
2012-07-27,54239.44155399996
2012-07-29,54222.42526199996
2012-07-30,54477.66964199996
2012-07-31,54481.92371499996
2012-08-01,54294.74450299996
2012-08-02,54405.35040099996
2012-08-03,54222.42526199996
2012-08-05,54133.08972899996
2012-08-06,54413.85854699996
2012-08-07,54137.34380199996
2012-08-08,54269.22006499996
2012-08-09,54145.85194799996
2012-08-10,54384.08003599996
2012-08-12,54375.57188999996
2012-08-13,54316.01486799996
2012-08-14,53979.94310099996
2012-08-15,53856.574983999955
2012-08-16,53677.90391799997
2012-08-17,53456.692121999964
2012-08-19,53503.48692499996
2012-08-20,53626.85504199996
2012-08-21,53686.41206399996
2012-08-22,54167.122312999956
2012-08-23,54137.34380199996
2012-08-24,54099.057144999955
2012-08-26,54022.48383099996
2012-08-27,54022.48383099996
2012-08-28,54141.59787499996
2012-08-29,54039.50012299996
2012-08-30,54171.37638599997
2012-08-31,54354.30152499996
2012-09-02,54333.03115999996
2012-09-03,54976.71115999996
2012-09-04,54566.581159999965
2012-09-05,54733.681159999964
2012-09-06,54791.82115999996
2012-09-07,56138.761159999965
2012-09-09,56108.73115999997
2012-09-10,55937.25115999996
2012-09-11,56170.681159999964
2012-09-12,55947.361159999964
2012-09-13,57429.721159999965
2012-09-14,57756.45115999997
2012-09-16,57781.081159999965
2012-09-17,56779.50115999996
2012-09-18,56755.59115999997
2012-09-19,55725.931159999964
2012-09-20,55783.56115999996
2012-09-21,55898.97115999996
2012-09-23,55830.57115999996
2012-09-24,55240.32115999996
2012-09-25,54689.011159999965
2012-09-26,54715.56115999996
2012-09-27,55774.98115999997
2012-09-28,55647.871159999966
2012-09-30,55319.94115999996
2012-10-01,55953.96115999996
2012-10-02,55735.20115999996
2012-10-03,55972.861159999964
2012-10-04,56392.02115999997
2012-10-05,55816.02115999997
2012-10-07,55797.06115999996
2012-10-08,55444.441159999966
2012-10-09,54963.181159999964
2012-10-10,55050.721159999965
2012-10-11,55281.78115999996
2012-10-12,54545.761159999965
2012-10-14,54106.441159999966
2012-10-15,53675.28115999996
2012-10-16,54198.90115999996
2012-10-17,54197.46115999996
2012-10-18,53861.761159999965
2012-10-19,52925.221159999965
2012-10-21,52722.901159999965
2012-10-22,53293.50115999996
2012-10-23,52553.10115999996
2012-10-24,52511.34115999996
2012-10-25,52892.10115999997
2012-10-26,52783.261159999965
2012-10-28,52786.56115999996
2012-10-29,52514.64115999996
2012-10-30,52610.401159999965
2012-10-31,53077.56115999996
2012-11-01,53032.681159999964
2012-11-02,51301.68115999997
2012-11-04,51483.181159999964
2012-11-05,51659.081159999965
2012-11-06,52602.88115999997
2012-11-07,52630.98115999997
2012-11-08,53263.38115999997
2012-11-09,53492.48115999996
2012-11-11,53607.28115999996
2012-11-12,53175.28115999996
2012-11-13,53328.081159999965
2012-11-14,53377.48115999996
2012-11-15,53246.581159999965
2012-11-16,52964.28115999996
2012-11-18,53119.28115999996
2012-11-19,53841.28115999996
2012-11-20,53842.081159999965
2012-11-21,54077.88115999997
2012-11-22,54069.38115999997
2012-11-23,27009.581159999965
2012-11-25,54923.68115999997
2012-11-26,55034.68115999997
2012-11-27,54778.28115999996
2012-11-28,54307.98115999997
2012-11-29,54726.181159999964
2012-11-30,53908.88115999997
2012-12-02,54111.581159999965
2012-12-03,54246.88115999997
2012-12-04,53382.28115999997
2012-12-05,53349.28115999997
2012-12-06,53821.18115999997
2012-12-07,54269.981159999974
2012-12-09,54203.981159999974
2012-12-10,54698.981159999974
2012-12-11,55025.68115999997
2012-12-12,54873.88115999997
2012-12-13,54408.581159999965
2012-12-14,54563.68115999997
2012-12-16,54438.28115999997
2012-12-17,54250.18115999997
2012-12-18,53893.78115999997
2012-12-19,53580.28115999997
2012-12-20,52464.88115999997
2012-12-21,51953.38115999997
2012-12-23,51950.081159999965
2012-12-24,51851.081159999965
2012-12-25,52022.68115999997
2012-12-26,51940.18115999997
2012-12-27,51765.28115999997
2012-12-28,51349.481159999974
2012-12-30,51547.481159999974
2012-12-31,52095.28115999997
2013-01-01,51959.981159999974
2013-01-02,52542.96115999997
2013-01-03,52565.60115999997
2013-01-04,52803.32115999997
2013-01-06,52724.081159999965
2013-01-07,52854.26115999997
2013-01-08,52797.661159999974
2013-01-09,52797.661159999974
2013-01-10,53301.401159999965
2013-01-11,53131.60115999997
2013-01-13,53171.22115999997
2013-01-14,53324.04115999997
2013-01-15,52950.481159999974
2013-01-16,53318.38115999997
2013-01-17,53924.00115999997
2013-01-18,53969.28115999997
2013-01-21,54291.901159999965
2013-01-22,54823.94115999997
2013-01-23,54099.46115999997
2013-01-24,54371.14115999996
2013-01-25,54444.72115999997
2013-01-27,54359.82115999997
2013-01-28,54699.421159999976
2013-01-29,55174.861159999964
2013-01-30,55531.44115999997
2013-01-31,55327.68115999997
2013-02-01,55305.04115999997
2013-02-03,55299.38115999997
2013-02-04,54393.78115999997
2013-02-05,54767.34115999997
2013-02-06,54863.56115999997
2013-02-07,54297.56115999997
2013-02-08,54257.94115999997
2013-02-10,54257.94115999997
2013-02-11,54925.82115999997
2013-02-12,55299.38115999997
2013-02-13,55033.361159999964
2013-02-14,55152.22115999997
2013-02-15,54439.06115999997
2013-02-18,54059.84115999997
2013-02-19,54756.02115999997
2013-02-20,53697.60115999997
2013-02-21,52718.421159999976
2013-02-22,52899.54115999997
2013-02-24,52848.60115999997
2013-02-25,52175.06115999997
2013-02-26,52559.94115999997
2013-02-27,52695.78115999997
2013-02-28,52056.201159999975
2013-03-01,51575.10115999997
2013-03-03,51326.06115999997
2013-03-04,51161.921159999976
2013-03-05,51461.901159999965
2013-03-06,51263.801159999966
2013-03-07,51824.14115999996
2013-03-08,52056.201159999975
2013-03-10,51948.661159999974
2013-03-11,52175.06115999997
2013-03-12,52492.02115999997
2013-03-13,52293.921159999976
2013-03-14,52848.60115999997
2013-03-15,52950.481159999974
2013-03-17,52401.46115999997
2013-03-18,53154.24115999997
2013-03-19,52248.64115999996
2013-03-20,52854.26115999997
2013-03-21,52480.701159999975
2013-03-22,53148.581159999965
2013-03-24,53239.14115999996
2013-03-25,53663.64115999996
2013-03-26,54473.02115999997
2013-03-27,54767.34115999997
2013-03-28,55118.26115999997
2013-03-31,55084.301159999966
2013-04-01,54874.88115999997
2013-04-02,55129.88115999997
2013-04-03,54841.88115999997
2013-04-04,54943.88115999997
2013-04-05,54844.88115999997
2013-04-07,54862.88115999997
2013-04-08,55057.88115999997
2013-04-09,55177.88115999997
2013-04-10,55561.88115999997
2013-04-11,55762.88115999997
2013-04-12,55732.88115999997
2013-04-14,55699.88115999997
2013-04-15,55012.88115999997
2013-04-16,55375.88115999997
2013-04-17,55063.88115999997
2013-04-18,54706.88115999997
2013-04-19,54808.88115999997
2013-04-21,54859.88115999997
2013-04-22,54853.88115999997
2013-04-23,55282.88115999997
2013-04-24,55198.88115999997
2013-04-25,55294.88115999997
2013-04-26,55321.88115999997
2013-04-28,55291.88115999997
2013-04-29,55585.88115999997
2013-04-30,55693.88115999997
2013-05-01,55309.88115999997
2013-05-02,55639.88115999997
2013-05-03,56074.88115999997
2013-05-05,56098.88115999997
2013-05-06,56026.88115999997
2013-05-07,56287.88115999997
2013-05-08,56539.88115999997
2013-05-09,56542.88115999997
2013-05-10,56578.88115999997
2013-05-12,56434.88115999997
2013-05-13,56572.88115999997
2013-05-14,56890.88115999997
2013-05-15,57085.88115999997
2013-05-16,57040.88115999997
2013-05-17,57340.88115999997
2013-05-19,57301.88115999997
2013-05-20,57307.88115999997
2013-05-21,57448.88115999997
2013-05-22,57355.88115999997
2013-05-23,57319.88115999997
2013-05-24,57277.88115999997
2013-05-27,57331.88115999997
2013-05-28,57502.88115999997
2013-05-29,57217.88115999997
2013-05-30,57328.88115999997
2013-05-31,56677.88115999997
2013-06-02,56749.88115999997
2013-06-03,56980.88115999997
2013-06-04,56881.88115999997
2013-06-05,56290.88115999997
2013-06-06,56443.88115999997
2013-06-07,57025.88115999997
2013-06-09,56986.88115999997
2013-06-10,57031.88115999997
2013-06-11,56794.88115999997
2013-06-12,56323.88115999997
2013-06-13,56965.88115999997
2013-06-14,56524.88115999997
2013-06-16,56623.88115999997
2013-06-17,56734.88115999997
2013-06-18,57112.88115999997
2013-06-19,56467.88115999997
2013-06-20,55489.88115999997
2013-06-21,55504.88115999997
2013-06-23,55522.88115999997
2013-06-24,55228.88115999997
2013-06-25,55327.88115999997
2013-06-26,55825.88115999997
2013-06-27,56158.88115999997
2013-06-28,55804.88115999997
2013-06-30,55855.88115999997
2013-07-01,56059.88115999997
2013-07-02,56751.32115999997
2013-07-03,56967.62115999997
2013-07-04,57171.00115999996
2013-07-05,57860.92115999997
2013-07-07,57905.38115999997
2013-07-08,57780.32115999997
2013-07-09,58236.72115999997
2013-07-10,58967.62115999997
2013-07-11,58374.861159999964
2013-07-12,58895.24115999997
2013-07-14,58764.24115999997
2013-07-15,59011.60115999997
2013-07-16,58777.96115999997
2013-07-17,58987.00115999996
2013-07-18,59495.60115999997
2013-07-19,59669.74115999997
2013-07-21,59584.78115999997
2013-07-22,59239.60115999997
2013-07-23,59384.581159999965
2013-07-24,58710.22115999997
2013-07-25,58802.88115999997
2013-07-26,58526.88115999997
2013-07-28,58528.18115999997
2013-07-29,58415.22115999997
2013-07-30,58124.50115999996
2013-07-31,58749.56115999997
2013-08-01,59515.38115999997
2013-08-02,59411.13205999997
2013-08-04,59359.48413999997
2013-08-05,59506.221579999976
2013-08-06,59538.63545999997
2013-08-07,59425.153099999974
2013-08-08,59244.35467999997
2013-08-09,60013.65171999997
2013-08-11,60029.44419999997
2013-08-12,59770.88377999997
2013-08-13,59563.599799999974
2013-08-14,59830.16851999997
2013-08-15,60093.22199999997
2013-08-16,60078.59307999997
2013-08-18,59951.02673999997
2013-08-19,59811.454859999976
2013-08-20,59398.07347999997
2013-08-21,58869.09445999997
2013-08-22,58932.872259999975
2013-08-23,59333.48057999997
2013-08-25,59564.92453999997
2013-08-26,59464.22751999997
2013-08-27,60812.022399999965
2013-08-28,60446.24257999997
2013-08-29,59642.439399999974
2013-08-30,59887.69563999997
2013-09-02,59186.13679999997
2013-09-03,60105.77679999998
2013-09-04,59540.69679999997
2013-09-05,59994.976799999975
2013-09-06,61119.59679999998
2013-09-08,60947.85679999997
2013-09-09,60161.17679999997
2013-09-10,59429.89679999997
2013-09-11,59695.81679999997
2013-09-12,60227.656799999975
2013-09-13,60233.19679999997
2013-09-15,59490.836799999975
2013-09-16,58637.67679999997
2013-09-17,58471.476799999975
2013-09-18,60066.99679999997
2013-09-19,58809.41679999997
2013-09-20,58116.91679999997
2013-09-22,57961.796799999975
2013-09-23,57319.156799999975
2013-09-24,57335.77679999998
2013-09-25,56742.99679999997
2013-09-26,56981.21679999997
2013-09-27,57008.91679999997
2013-09-29,56560.17679999997
2013-09-30,56765.156799999975
2013-10-01,56349.656799999975
2013-10-02,57012.78079999998
2013-10-03,56478.836799999975
2013-10-04,56909.436799999974
2013-10-06,56797.480799999976
2013-10-07,56831.92879999998
2013-10-08,56745.80879999998
2013-10-09,55583.188799999974
2013-10-10,55867.38479999998
2013-10-11,56375.49279999998
2013-10-13,56091.296799999975
2013-10-14,56883.60079999998
2013-10-15,56849.152799999974
2013-10-16,57107.512799999975
2013-10-17,56719.97279999998
2013-10-18,56676.91279999998
2013-10-20,56771.64479999997
2013-10-21,56840.54079999997
2013-10-22,57391.70879999997
2013-10-23,56306.59679999998
2013-10-24,56315.20879999997
2013-10-25,56254.92479999998
2013-10-27,56237.70079999998
2013-10-28,56237.70079999998
2013-10-29,56401.32879999998
2013-10-30,57098.900799999974
2013-10-31,56866.376799999976
2013-11-01,56814.70479999998
2013-11-03,56838.70479999998
2013-11-04,56916.70479999998
2013-11-05,56850.70479999998
2013-11-06,57195.70479999998
2013-11-07,56859.70479999998
2013-11-08,57306.70479999998
2013-11-10,57294.70479999998
2013-11-11,57378.70479999998
2013-11-12,57294.70479999998
2013-11-13,57606.70479999998
2013-11-14,57687.70479999998
2013-11-15,57954.70479999998
2013-11-17,57927.70479999998
2013-11-18,57999.70479999998
2013-11-19,58059.70479999998
2013-11-20,57837.70479999998
2013-11-21,58155.70479999998
2013-11-22,58284.70479999998
2013-11-24,58431.70479999998
2013-11-25,58365.70479999998
2013-11-26,58362.70479999998
2013-11-27,58422.70479999998
2013-11-28,58521.70479999998
2013-11-29,58446.70479999998
2013-12-01,58467.70479999998
2013-12-02,58114.849799999974
2013-12-03,57924.06879999998
2013-12-04,58459.266799999976
2013-12-05,58367.461799999975
2013-12-06,58731.65779999998
2013-12-08,58821.194799999976
2013-12-09,58832.43879999998
2013-12-10,58995.00079999997
2013-12-11,58975.830799999974
2013-12-12,58915.87979999997
2013-12-13,59064.14879999998
2013-12-15,59053.46579999998
2013-12-16,59291.34479999998
2013-12-17,59211.80779999997
2013-12-18,59535.73479999998
2013-12-19,59380.099799999974
2013-12-20,59509.02679999998
2013-12-22,59505.90479999998
2013-12-23,59541.58779999998
2013-12-24,60184.834799999975
2013-12-25,44049.59179999998
2013-12-26,60415.98179999997
2013-12-27,60417.42079999997
2013-12-29,60413.85979999998
2013-12-30,60442.42079999997
2013-12-31,60688.93379999998
2014-01-01,44136.25079999998
2014-01-02,43980.370799999975
2014-01-03,43551.70079999998
2014-01-05,43538.71079999998
2014-01-06,43629.64079999998
2014-01-07,43636.135799999975
2014-01-08,43447.78079999998
2014-01-09,42759.31079999998
2014-01-10,43441.285799999976
2014-01-12,43571.18579999998
2014-01-13,43441.285799999976
2014-01-14,43278.91079999998
2014-01-15,43564.690799999975
2014-01-16,43382.83079999998
2014-01-17,43402.31579999998
2014-01-20,43363.34579999998
2014-01-21,43480.25579999998
2014-01-22,43239.94079999998
2014-01-23,42596.93579999998
2014-01-24,42408.580799999974
2014-01-26,42389.095799999974
2014-01-27,42272.18579999998
2014-01-28,42207.23579999998
2014-01-29,42220.22579999998
2014-01-30,41908.465799999976
2014-01-31,41486.29079999997
2014-02-02,41531.75579999998
2014-02-03,41288.36579999997
2014-02-04,41770.87579999998
2014-02-05,41647.04579999998
2014-02-06,41834.925799999975
2014-02-07,42787.135799999975
2014-02-09,42851.18579999998
2014-02-10,42723.08579999997
2014-02-11,42910.965799999976
2014-02-12,42855.455799999974
2014-02-13,42825.565799999975
2014-02-14,42898.15579999998
2014-02-17,43090.30579999997
2014-02-18,44016.89579999998
2014-02-19,44174.885799999975
2014-02-20,43841.82579999998
2014-02-21,43709.455799999974
2014-02-23,43803.39579999998
2014-02-24,43854.635799999975
2014-02-25,43577.08579999997
2014-02-26,43726.535799999976
2014-02-27,43560.00579999998
2014-02-28,43905.87579999998
2014-03-02,44640.315799999975
2014-03-03,45049.51579999998
2014-03-04,44571.01579999998
2014-03-05,44564.41579999997
2014-03-06,45016.51579999998
2014-03-07,44673.315799999975
2014-03-09,44630.41579999997
2014-03-10,44709.61579999997
2014-03-11,44947.215799999976
2014-03-12,45567.61579999997
2014-03-13,45805.215799999976
2014-03-14,46069.215799999976
2014-03-16,46237.51579999998
2014-03-17,45577.51579999998
2014-03-18,45237.61579999997
2014-03-19,44323.51579999998
2014-03-20,44409.315799999975
2014-03-21,44508.315799999975
2014-03-23,44458.815799999975
2014-03-24,43765.815799999975
2014-03-25,43713.01579999998
2014-03-26,43600.815799999975
2014-03-27,43168.51579999998
2014-03-28,43185.01579999998
2014-03-30,43244.41579999997
2014-03-31,42871.51579999998
2014-04-01,42759.315799999975
2014-04-02,42850.855799999976
2014-04-03,42976.33579999997
2014-04-04,43402.41579999997
2014-04-06,43428.535799999976
2014-04-07,43282.75579999997
2014-04-08,43800.595799999974
2014-04-09,44040.75579999997
2014-04-10,44131.33579999997
2014-04-11,44154.355799999976
2014-04-13,44432.135799999975
2014-04-14,44297.89579999998
2014-04-15,43990.355799999976
2014-04-16,44032.57579999998
2014-04-17,44034.635799999975
2014-04-20,43905.87579999997
2014-04-21,43887.75579999997
2014-04-22,43257.23579999997
2014-04-23,43226.775799999974
2014-04-24,43399.215799999976
2014-04-25,43344.03579999997
2014-04-27,43363.275799999974
2014-04-28,43284.995799999975
2014-04-29,43200.495799999975
2014-04-30,42950.855799999976
2014-05-01,42750.61579999997
2014-05-02,42626.61579999997
2014-05-04,42656.61579999997
2014-05-05,42682.61579999997
2014-05-06,42482.61579999997
2014-05-07,42690.61579999997
2014-05-08,42742.61579999997
2014-05-09,42830.61579999997
2014-05-11,42860.61579999997
2014-05-12,43102.61579999997
2014-05-13,43116.61579999997
2014-05-14,42930.61579999997
2014-05-15,42612.61579999997
2014-05-16,42684.61579999997
2014-05-18,42708.61579999997
2014-05-19,42712.61579999997
2014-05-20,42428.61579999997
2014-05-21,42770.61579999997
2014-05-22,42828.61579999997
2014-05-23,42936.61579999997
2014-05-25,42962.61579999997
2014-05-26,43016.61579999997
2014-05-27,43078.61579999997
2014-05-28,43018.61579999997
2014-05-29,43110.61579999997
2014-05-30,43156.61579999997
2014-06-01,43176.61579999997
2014-06-02,42947.104699999974
2014-06-03,42886.21399999997
2014-06-04,42787.852099999975
2014-06-05,42876.84619999997
2014-06-06,42858.11059999998
2014-06-08,42825.323299999975
2014-06-09,42937.736899999974
2014-06-10,42965.840299999974
2014-06-11,42928.369099999974
2014-06-12,0.4255999999732012
2014-06-13,0.4255999999732012
2014-06-15,43148.51239999997
2014-06-16,43078.253899999974
2014-06-17,43026.73099999997
2014-06-18,43134.460699999974
2014-06-19,43209.403099999974
2014-06-20,43443.598099999974
2014-06-22,43467.01759999998
2014-06-23,43556.011699999974
2014-06-24,43504.48879999997
2014-06-25,43593.48289999997
2014-06-26,43719.94819999998
2014-06-27,43832.36179999997
2014-06-29,43827.67789999997
2014-06-30,43808.94229999997
2014-07-01,43958.82709999997
2014-07-02,43974.82709999997
2014-07-03,44146.82709999997
2014-07-04,44138.82709999997
2014-07-06,44144.82709999997
2014-07-07,44070.82709999997
2014-07-08,43898.82709999997
2014-07-09,44012.82709999997
2014-07-10,43870.82709999997
2014-07-11,43958.82709999997
2014-07-13,43976.82709999997
2014-07-14,44160.82709999997
2014-07-15,44194.82709999997
2014-07-16,44290.82709999997
2014-07-17,43972.82709999997
2014-07-18,44244.82709999997
2014-07-20,44248.82709999997
2014-07-21,44156.82709999997
2014-07-22,44248.82709999997
2014-07-23,44244.82709999997
2014-07-24,44170.82709999997
2014-07-25,43964.82709999997
2014-07-27,43922.82709999997
2014-07-28,44032.82709999997
2014-07-29,43914.82709999997
2014-07-30,43814.82709999997
2014-07-31,43258.82709999997
2014-08-01,43012.82709999997
2014-08-03,43066.82709999997
2014-08-04,43166.82709999997
2014-08-05,42942.82709999997
2014-08-06,42994.82709999997
2014-08-07,42848.82709999997
2014-08-08,43154.82709999997
2014-08-10,43222.82709999997
2014-08-11,43250.82709999997
2014-08-12,43252.82709999997
2014-08-13,43420.82709999997
2014-08-14,43538.82709999997
2014-08-15,43484.82709999997
2014-08-17,43564.82709999997
2014-08-18,43820.82709999997
2014-08-19,43946.82709999997
2014-08-20,44118.82709999997
2014-08-21,44234.82709999997
2014-08-22,44190.82709999997
2014-08-24,10192.827099999973
2014-08-25,44304.82709999997
2014-08-26,44390.82709999997
2014-08-27,44380.82709999997
2014-08-28,44376.82709999997
2014-08-29,44340.82709999997
2014-08-31,44358.82709999997
2014-09-01,44364.82709999997
2014-09-02,43147.13709999998
2014-09-03,44049.98709999998
2014-09-04,43786.07709999997
2014-09-05,43267.517099999975
2014-09-07,43276.77709999998
2014-09-08,43049.90709999998
2014-09-09,43059.16709999998
2014-09-10,42461.89709999997
2014-09-11,43073.057099999976
2014-09-12,42665.61709999998
2014-09-14,42096.127099999976
2014-09-15,42934.15709999998
2014-09-16,43827.74709999998
2014-09-17,43508.27709999998
2014-09-18,43119.35709999997
2014-09-19,42804.517099999975
2014-09-21,42785.99709999998
2014-09-22,41971.11709999998
2014-09-23,0.16709999997692648
2014-09-24,0.16709999997692648
2014-09-25,0.16709999997692648
2014-09-26,43221.21709999997
2014-09-28,43040.64709999997
2014-09-29,43628.65709999998
2014-09-30,42327.627099999976
2014-10-01,42105.38709999998
2014-10-02,42216.50709999998
2014-10-03,41535.89709999997
2014-10-05,41489.59709999998
2014-10-06,41836.84709999998
2014-10-07,41021.96709999997
2014-10-08,40628.41709999998
2014-10-09,39225.52709999998
2014-10-10,39595.92709999997
2014-10-12,39276.45709999998
2014-10-13,39359.79709999998
2014-10-14,38081.91709999998
2014-10-15,37359.63709999998
2014-10-16,38475.46709999997
2014-10-17,38392.127099999976
2014-10-19,38623.627099999976
2014-10-20,37892.087099999975
2014-10-21,38299.52709999998
2014-10-22,37211.47709999998
2014-10-23,37868.93709999998
2014-10-24,37642.06709999998
2014-10-26,37521.68709999998
2014-10-27,37345.74709999998
2014-10-28,37730.03709999997
2014-10-29,37952.27709999998
2014-10-30,37493.90709999998
2014-10-31,37364.267099999975
2014-11-02,37285.557099999976
2014-11-03,36239.17709999997
2014-11-04,35817.84709999998
2014-11-05,36512.34709999998
2014-11-06,36053.97709999998
2014-11-07,36313.25709999998
2014-11-09,36456.78709999997
2014-11-10,35753.02709999998
2014-11-11,35910.447099999976
2014-11-12,35637.27709999998
2014-11-13,34419.587099999975
2014-11-14,35155.75709999998
2014-11-16,35012.22709999998
2014-11-17,34905.73709999998
2014-11-18,34382.54709999998
2014-11-19,34405.697099999976
2014-11-20,35465.96709999997
2014-11-21,35521.52709999998
2014-11-23,35447.447099999976
2014-11-24,35030.74709999998
2014-11-25,34169.56709999998
2014-11-26,34049.18709999998
2014-11-27,31734.18709999998
2014-11-28,30553.537099999976
2014-11-30,29761.807099999976
2014-12-01,31961.057099999976
2014-12-02,31368.417099999977
2014-12-03,31243.40709999998
2014-12-04,30845.22709999998
2014-12-05,30386.857099999976
2014-12-07,30007.19709999998
2014-12-08,29122.867099999978
2014-12-09,29284.917099999977
2014-12-10,28303.35709999998
2014-12-11,27395.877099999976
2014-12-12,26618.03709999998
2014-12-14,26201.33709999998
2014-12-15,25789.26709999998
2014-12-16,25622.58709999998
2014-12-17,26090.217099999976
2014-12-18,25437.387099999974
2014-12-19,26349.497099999975
2014-12-21,26543.957099999978
2014-12-22,25622.58709999998
2014-12-23,26284.67709999998
2014-12-24,25858.717099999976
2014-12-25,25891.127099999976
2014-12-26,25529.987099999977
2014-12-28,25557.76709999998
2014-12-29,24812.33709999998
2014-12-30,24872.527099999978
2014-12-31,24867.897099999976
2015-01-01,25256.817099999975
2015-01-02,25163.817099999975
2015-01-04,25115.817099999975
2015-01-05,24922.817099999975
2015-01-06,24743.817099999975
2015-01-07,24961.817099999975
2015-01-08,25250.817099999975
2015-01-09,25067.817099999975
2015-01-11,25067.817099999975
2015-01-12,25026.817099999975
2015-01-13,24978.817099999975
2015-01-14,24823.817099999975
2015-01-15,24637.817099999975
2015-01-16,24874.817099999975
2015-01-18,24848.817099999975
2015-01-19,24838.817099999975
2015-01-20,24866.817099999975
2015-01-21,24927.817099999975
2015-01-22,25171.817099999975
2015-01-23,25009.817099999975
2015-01-25,24876.817099999975
2015-01-26,25047.817099999975
2015-01-27,24813.817099999975
2015-01-28,24591.817099999975
2015-01-29,24837.817099999975
2015-01-30,24541.817099999975
2015-02-01,24522.817099999975
2015-02-02,24386.01709999998
2015-02-03,24465.817099999975
2015-02-04,24663.417099999977
2015-02-05,24773.617099999978
2015-02-06,24235.917099999977
2015-02-08,24346.117099999978
2015-02-09,24171.317099999975
2015-02-10,23968.01709999998
2015-02-11,23774.217099999976
2015-02-12,23836.917099999977
2015-02-13,23966.117099999978
2015-02-15,24007.917099999977
2015-02-16,23973.717099999976
2015-02-17,23462.617099999978
2015-02-18,23304.917099999977
2015-02-19,23276.417099999977
2015-02-20,23120.617099999978
2015-02-22,23151.01709999998
2015-02-23,23143.417099999977
2015-02-24,23221.317099999975
2015-02-25,23312.51709999998
2015-02-26,23384.717099999976
2015-02-27,23580.417099999977
2015-03-01,23510.117099999978
2015-03-02,23596.117099999978
2015-03-03,23518.117099999978
2015-03-04,23425.117099999978
2015-03-05,23464.117099999978
2015-03-06,23218.117099999978
2015-03-08,23198.117099999978
2015-03-09,23304.117099999978
2015-03-10,23047.117099999978
2015-03-11,22995.117099999978
2015-03-12,23230.117099999978
2015-03-13,23084.117099999978
2015-03-15,23051.117099999978
2015-03-16,23194.117099999978
2015-03-17,23128.117099999978
2015-03-18,23354.117099999978
2015-03-19,23246.117099999978
2015-03-20,23380.117099999978
2015-03-22,23416.117099999978
2015-03-23,23375.117099999978
2015-03-24,23297.117099999978
2015-03-25,23011.117099999978
2015-03-26,22962.117099999978
2015-03-27,22967.117099999978
2015-03-29,22958.117099999978
2015-03-30,23221.117099999978
2015-03-31,23042.117099999978
2015-04-01,22957.117099999978
2015-04-02,22852.542099999977
2015-04-03,0.8130999999775668
2015-04-05,22986.398099999977
2015-04-06,22823.261099999978
2015-04-07,23174.633099999977
2015-04-08,22869.274099999977
2015-04-09,22831.62709999998
2015-04-10,22877.64009999998
2015-04-12,22890.189099999978
2015-04-13,22764.69909999998
2015-04-14,22626.660099999976
2015-04-15,22773.065099999978
2015-04-16,23203.914099999976
2015-04-17,23408.881099999977
2015-04-19,23559.469099999977
2015-04-20,22798.16309999998
2015-04-21,22576.46409999998
2015-04-22,22312.935099999977
2015-04-23,22526.268099999976
2015-04-24,22915.287099999976
2015-04-26,22932.01909999998
2015-04-27,23199.73109999998
2015-04-28,23245.744099999978
2015-04-29,23325.221099999977
2015-04-30,24078.16109999998
2015-05-01,24555.023099999977
2015-05-03,24549.048099999975
2015-05-04,24692.448099999976
2015-05-05,24725.310599999975
2015-05-06,24797.010599999976
2015-05-07,24665.560599999975
2015-05-08,24725.310599999975
2015-05-10,24695.435599999975
2015-05-11,24689.460599999977
2015-05-12,24871.698099999976
2015-05-13,24976.260599999976
2015-05-14,24916.510599999976
2015-05-15,24859.748099999975
2015-05-17,24856.760599999976
2015-05-18,24584.898099999977
2015-05-19,24420.585599999977
2015-05-20,24462.410599999974
2015-05-21,24480.335599999977
2015-05-22,24289.135599999976
2015-05-24,24289.135599999976
2015-05-25,24241.335599999977
2015-05-26,24038.185599999975
2015-05-27,23975.448099999976
2015-05-28,24035.198099999976
2015-05-29,23990.385599999976
2015-05-31,23972.460599999977
2015-06-01,23843.998099999975
2015-06-02,24056.110599999978
2015-06-03,23978.435599999975
2015-06-04,23903.748099999975
2015-06-05,23993.373099999975
2015-06-07,23972.460599999977
2015-06-08,24068.060599999975
2015-06-09,24205.485599999978
2015-06-10,24330.960599999977
2015-06-11,24301.085599999977
2015-06-12,24256.273099999973
2015-06-14,24253.285599999974
2015-06-15,24223.410599999974
2015-06-16,24265.235599999978
2015-06-17,24390.710599999977
2015-06-18,24402.660599999974
2015-06-19,24319.010599999976
2015-06-21,24304.073099999976
2015-06-22,24226.398099999973
2015-06-23,24211.460599999977
2015-06-24,24091.960599999977
2015-06-25,24196.523099999973
2015-06-26,24223.410599999974
2015-06-28,24157.685599999975
2015-06-29,24041.173099999975
2015-06-30,23885.823099999976
2015-07-01,23703.585599999977
2015-07-02,23626.625599999978
2015-07-03,23343.407599999977
2015-07-05,23096.768599999974
2015-07-06,22419.074599999978
2015-07-07,22048.19459999998
2015-07-08,22021.303599999977
2015-07-09,22523.231599999977
2015-07-10,22443.857599999974
2015-07-12,22219.575599999975
2015-07-13,22237.937599999976
2015-07-14,22496.20759999998
2015-07-15,22075.02159999998
2015-07-16,21981.071599999974
2015-07-17,21812.261599999976
2015-07-19,21855.591599999978
2015-07-20,21572.208599999976
2015-07-21,21684.87459999998
2015-07-22,21218.636599999976
2015-07-23,20851.554599999974
2015-07-24,20750.145599999974
2015-07-26,20716.181599999974
2015-07-27,20404.716599999978
2015-07-28,20805.770599999974
2015-07-29,21035.958599999976
2015-07-30,20810.64659999998
2015-07-31,20338.329599999975
2015-08-02,20355.488599999975
2015-08-03,20371.895152499976
2015-08-04,20316.365282499977
2015-08-05,20235.594562499973
2015-08-06,20239.380689999973
2015-08-07,20322.675494999974
2015-08-09,20307.530984999976
2015-08-10,20258.311327499974
2015-08-11,20183.850819999974
2015-08-12,20312.579154999978
2015-08-13,20298.696687499978
2015-08-14,20289.862389999977
2015-08-16,20301.220772499975
2015-08-17,20288.600347499974
2015-08-18,20296.172602499973
2015-08-19,20371.895152499976
2015-08-20,20450.141787499975
2015-08-21,20687.405777499975
2015-08-23,20736.625434999976
2015-08-24,21235.132222499975
2015-08-25,21291.924134999976
2015-08-26,21028.157252499976
2015-08-27,20857.781514999977
2015-08-28,20755.556072499974
2015-08-30,20811.085942499976
2015-08-31,20843.899047499974
2015-09-01,21084.949164999976
2015-09-02,20927.193852499975
2015-09-03,21014.274784999976
2015-09-04,21204.843202499975
2015-09-06,21185.912564999977
2015-09-07,21136.692907499975
2015-09-08,21016.798869999977
2015-09-09,20991.558019999975
2015-09-10,20922.145682499973
2015-09-11,20929.717937499976
2015-09-13,20888.070534999973
2015-09-14,21002.916402499977
2015-09-15,20992.820062499974
2015-09-16,20973.889424999972
2015-09-17,21052.136059999975
2015-09-18,21078.638952499976
2015-09-20,21067.280569999974
2015-09-21,20981.461679999975
2015-09-22,21053.398102499974
2015-09-23,21026.895209999973
2015-09-24,21018.060912499972
2015-09-25,20954.958787499978
2015-09-27,20991.558019999975
2015-09-28,21084.949164999976
2015-09-29,21074.852824999973
2015-09-30,21074.852824999973
2015-10-01,21083.68712249997
2015-10-02,21299.045891499976
2015-10-04,21276.256492499975
2015-10-05,21226.964211499973
2015-10-06,21344.625862499975
2015-10-07,21360.328744499973
2015-10-08,21317.66670249997
2015-10-09,21428.232799499972
2015-10-11,21430.58096749997
2015-10-12,21497.83240849997
2015-10-13,21579.504269499972
2015-10-14,21818.58189449997
2015-10-15,21764.458201499976
2015-10-16,21689.158983499976
2015-10-18,21708.627571499972
2015-10-19,21611.665920499974
2015-10-20,21662.025080499974
2015-10-21,21551.945891499978
2015-10-22,21460.54090949997
2015-10-23,21402.869439499977
2015-10-25,21410.079649499974
2015-10-26,21438.29967849997
2015-10-27,21502.447064499975
2015-10-28,21397.80988849997
2015-10-29,21278.627426499974
2015-10-30,21267.795623499973
2015-11-01,21264.660938499976
2015-11-02,21285.270938499976
2015-11-03,21621.900938499974
2015-11-04,21321.910938499976
2015-11-05,21083.750938499976
2015-11-06,20870.780938499975
2015-11-08,20831.850938499974
2015-11-09,20781.470938499973
2015-11-10,20676.130938499977
2015-11-11,20543.310938499977
2015-11-12,20211.260938499974
2015-11-13,20002.870938499975
2015-11-15,20044.090938499976
2015-11-16,20261.640938499975
2015-11-17,20060.120938499975
2015-11-18,20030.350938499974
2015-11-19,19968.520938499976
2015-11-20,20170.040938499973
2015-11-22,20181.490938499974
2015-11-23,20316.600938499974
2015-11-24,20460.870938499975
2015-11-25,20543.310938499977
2015-11-26,20428.810938499977
2015-11-27,20241.030938499975
2015-11-29,20254.770938499976
2015-11-30,20215.840938499976
2015-12-01,20220.420938499974
2015-12-02,20231.228938499975
2015-12-03,20232.579938499974
2015-12-04,20223.122938499975
2015-12-06,20200.155938499975
2015-12-07,20110.989938499974
2015-12-08,20058.300938499975
2015-12-09,20066.406938499975
2015-12-10,20021.823938499976
2015-12-11,19931.306938499976
2015-12-13,19946.167938499973
2015-12-14,19952.922938499974
2015-12-15,19950.220938499973
2015-12-16,19904.286938499972
2015-12-17,19811.067938499975
2015-12-18,19792.153938499974
2015-12-20,19796.206938499974
2015-12-21,19794.855938499975
2015-12-22,19816.471938499977
2015-12-23,19865.107938499976
2015-12-24,19867.809938499973
2015-12-27,19873.213938499975
2015-12-28,19834.034938499975
2015-12-29,19877.266938499975
2015-12-30,19850.246938499975
2015-12-31,19881.319938499975
2016-01-03,19850.246938499975
2016-01-04,19987.375410999975
2016-01-05,20049.381328999974
2016-01-06,20128.081147999976
2016-01-07,20314.098901999976
2016-01-08,20359.410918999976
2016-01-10,20396.375985499973
2016-01-11,20287.865628999978
2016-01-12,20262.824777499976
2016-01-13,20331.98522449998
2016-01-14,20192.471908999978
2016-01-15,20402.338092999977
2016-01-17,20402.338092999977
2016-01-18,20333.17764599998
2016-01-19,20305.751951499977
2016-01-20,20364.180604999976
2016-01-21,20242.553611999978
2016-01-22,20101.847874999978
2016-01-24,20132.850833999975
2016-01-25,20186.509801499975
2016-01-26,20161.468949999977
2016-01-27,20140.005362999975
2016-01-28,20068.460072999977
2016-01-29,19708.34877999998
2016-01-31,19666.614027499978
2016-02-01,19747.698689499975
2016-02-02,19734.098689499977
2016-02-03,19983.99868949997
2016-02-04,20211.798689499974
2016-02-05,20519.49868949997
2016-02-07,20369.898689499973
2016-02-08,20815.298689499974
2016-02-09,20782.99868949997
2016-02-10,20942.798689499974
2016-02-11,21651.698689499975
2016-02-12,21614.298689499974
2016-02-14,21534.398689499973
2016-02-15,21102.598689499977
2016-02-16,20976.798689499974
2016-02-17,21085.598689499977
2016-02-18,21496.99868949997
2016-02-19,21411.99868949997
2016-02-21,21403.49868949997
2016-02-22,21117.898689499973
2016-02-23,21488.49868949997
2016-02-24,21384.798689499974
2016-02-25,21546.298689499974
2016-02-26,21347.398689499973
2016-02-28,21332.098689499977
2016-02-29,21658.49868949997
2016-03-01,21517.398689499973
2016-03-02,21666.99868949997
2016-03-03,21991.698689499975
2016-03-04,21981.49868949997
2016-03-06,22056.298689499974
2016-03-07,22093.698689499975
2016-03-08,22047.798689499974
2016-03-09,21884.598689499977
2016-03-10,22182.098689499977
2016-03-11,21828.49868949997
2016-03-13,21872.698689499975
2016-03-14,21587.098689499977
2016-03-15,21529.298689499974
2016-03-16,21972.99868949997
2016-03-17,21976.398689499973
2016-03-18,21911.798689499974
2016-03-20,21876.098689499977
2016-03-21,21712.898689499973
2016-03-22,21787.698689499975
2016-03-23,21337.198689499975
2016-03-24,21243.698689499975
2016-03-27,559.798689499974
2016-03-28,21343.99868949997
2016-03-29,21631.298689499974
2016-03-30,21418.798689499974
2016-03-31,21529.298689499974
2016-04-01,21360.99868949997
2016-04-03,21335.99868949997
2016-04-04,21268.99868949997
2016-04-05,21212.99868949997
2016-04-06,21270.99868949997
2016-04-07,21079.99868949997
2016-04-08,21148.99868949997
2016-04-10,21148.99868949997
2016-04-11,21111.99868949997
2016-04-12,21297.99868949997
2016-04-13,21482.99868949997
2016-04-14,21495.99868949997
2016-04-15,21466.99868949997
2016-04-17,21374.99868949997
2016-04-18,21561.99868949997
2016-04-19,21595.99868949997
2016-04-20,21697.99868949997
2016-04-21,21536.99868949997
2016-04-22,21571.99868949997
2016-04-24,21583.99868949997
2016-04-25,21553.99868949997
2016-04-26,21538.99868949997
2016-04-27,21627.99868949997
2016-04-28,21427.99868949997
2016-04-29,21367.99868949997
2016-05-01,21341.99868949997
2016-05-02,20903.01868949997
2016-05-03,20496.728689499974
2016-05-04,20758.24868949997
2016-05-05,20744.238689499976
2016-05-06,20828.298689499974
2016-05-08,21313.978689499974
2016-05-09,20225.868689499974
2016-05-10,20884.338689499975
2016-05-11,21472.758689499973
2016-05-12,21654.888689499974
2016-05-13,21673.56868949997
2016-05-15,21640.878689499972
2016-05-16,22364.728689499974
2016-05-17,22644.928689499975
2016-05-18,22448.788689499976
2016-05-19,22621.578689499973
2016-05-20,22658.938689499973
2016-05-22,22551.528689499974
2016-05-23,22467.468689499972
2016-05-24,23009.188689499973
2016-05-25,23172.638689499974
2016-05-26,23074.56868949997
2016-05-27,23163.298689499974
2016-05-29,23167.968689499972
2016-05-30,23139.94868949997
2016-05-31,22859.74868949997
2016-06-01,22855.078689499973
2016-06-02,22948.478689499974
2016-06-03,22855.078689499973
2016-06-05,22789.69868949997
2016-06-06,23200.658689499975
2016-06-07,23546.238689499976
2016-06-08,24111.308689499976
2016-06-09,23625.628689499972
2016-06-10,22845.738689499976
2016-06-12,22742.99868949997
2016-06-13,22616.908689499975
2016-06-14,22346.048689499974
2016-06-15,22187.26868949997
2016-06-16,21617.528689499974
2016-06-17,22556.19868949997
2016-06-19,22560.868689499974
2016-06-20,23294.058689499976
2016-06-21,23541.56868949997
2016-06-22,23125.938689499973
2016-06-23,23270.708689499974
2016-06-24,22233.968689499972
2016-06-26,21991.128689499972
2016-06-27,21851.028689499974
2016-06-28,22556.19868949997
2016-06-29,23149.288689499976
2016-06-30,22640.258689499973
2016-07-01,23032.538689499976
2016-07-03,23141.060894999973
2016-07-04,23399.660916499975
2016-07-05,23266.260292999978
2016-07-06,23408.993611999977
2016-07-07,23203.760099499974
2016-07-08,23540.471126999975
2016-07-10,23634.226737499972
2016-07-11,23314.972029999975
2016-07-12,22999.261905499974
2016-07-13,23225.394944999975
2016-07-14,23041.506531499977
2016-07-15,23035.695267499977
2016-07-17,22945.995525499973
2016-07-18,22745.78475599998
2016-07-19,22690.77362099998
2016-07-20,22229.751845499977
2016-07-21,22686.640151499974
2016-07-22,22531.095890999975
2016-07-24,22500.829252999974
2016-07-25,22524.551178999976
2016-07-26,22679.450856499978
2016-07-27,23053.417558999976
2016-07-28,22983.361969999976
2016-07-29,23375.27187949998
2016-07-31,23362.727532999976
2016-08-01,23420.183078999973
2016-08-02,23595.108078999976
2016-08-03,23446.488078999973
2016-08-04,23329.663078999973
2016-08-05,22859.65807899997
2016-08-07,22819.673078999975
2016-08-08,22918.498078999975
2016-08-09,23074.56807899997
2016-08-10,23438.028078999974
2016-08-11,23058.958078999975
2016-08-12,22636.803078999972
2016-08-14,22731.048078999975
2016-08-15,22604.178078999972
2016-08-16,22684.888078999975
2016-08-17,22666.643078999972
2016-08-18,22643.528078999974
2016-08-19,22290.838078999972
2016-08-21,22057.973078999974
2016-08-22,21921.03307899997
2016-08-23,21939.468078999973
2016-08-24,21512.168078999974
2016-08-25,21423.038078999973
2016-08-26,21494.413078999973
2016-08-28,21423.023078999973
2016-08-29,21688.598078999974
2016-08-30,21316.138078999975
2016-08-31,21360.35307899997
2016-09-01,21451.11807899997
2016-09-02,21894.85807899997
2016-09-04,21840.378078999973
2016-09-05,22033.71807899997
2016-09-06,22526.03807899997
2016-09-07,22364.71807899997
2016-09-08,22185.17807899997
2016-09-09,21654.89807899997
2016-09-11,21700.998078999968
2016-09-12,21667.93807899997
2016-09-13,21335.39807899997
2016-09-14,21353.138078999968
2016-09-15,21310.598078999974
2016-09-16,21027.518078999972
2016-09-18,21076.89807899997
2016-09-19,21331.67807899997
2016-09-20,21465.338078999972
2016-09-21,21988.638078999968
2016-09-22,22062.838078999972
2016-09-23,21947.67807899997
2016-09-25,21942.318078999968
2016-09-26,21625.21807899997
2016-09-27,21340.018078999972
2016-09-28,21466.958078999975
2016-09-29,21284.818078999968
2016-09-30,21392.75807899997
2016-10-02,21384.65807899997
2016-10-03,21552.34539749997
2016-10-04,21538.91471449997
2016-10-05,21602.64007499997
2016-10-06,21764.71977649997
2016-10-07,21627.097565499967
2016-10-09,21553.96420349997
2016-10-10,21929.54407449997
2016-10-11,21854.36913899997
2016-10-12,21554.02466899997
2016-10-13,21770.32739349997
2016-10-14,21664.59207349997
2016-10-16,21623.51947799997
2016-10-17,21650.29879749997
2016-10-18,21798.08522299997
2016-10-19,21994.037691999973
2016-10-20,21748.11922249997
2016-10-21,21845.45641449997
2016-10-23,21748.67973349997
2016-10-24,21682.477987999973
2016-10-25,21426.65373299997
2016-10-26,21386.60556199997
2016-10-27,21414.781390499968
2016-10-28,21237.04577449997
2016-10-30,21180.36317899997
2016-10-31,20828.805986999967
2016-11-01,20788.74326499997
2016-11-02,20587.87026499997
2016-11-03,20481.93726499997
2016-11-04,20405.94026499997
2016-11-06,20504.767264999966
2016-11-07,20816.33426499997
2016-11-08,21121.25526499997
2016-11-09,21578.926264999973
2016-11-10,21786.78526499997
2016-11-11,21334.884264999964
2016-11-13,21475.989264999967
2016-11-14,21509.144264999966
2016-11-15,21917.284264999966
2016-11-16,21656.332264999968
2016-11-17,21657.563264999968
2016-11-18,21706.591264999966
2016-11-20,22005.13426499997
2016-11-21,22640.96726499997
2016-11-22,22623.195264999966
2016-11-23,22942.44626499997
2016-11-24,23126.97126499997
2016-11-25,22774.549264999972
2016-11-27,22563.826264999967
2016-11-28,22862.11726499997
2016-11-29,22214.56526499997
2016-11-30,23293.206264999964
2016-12-01,23745.597264999968
2016-12-02,23687.012764999967
2016-12-04,23619.415264999963
2016-12-05,24268.351264999965
2016-12-06,24061.05226499997
2016-12-07,23831.220764999965
2016-12-08,23677.999764999964
2016-12-09,23930.363764999965
2016-12-11,24092.597764999966
2016-12-12,23421.129264999967
2016-12-13,23371.557764999965
2016-12-14,23416.622764999964
2016-12-15,23434.648764999965
2016-12-16,22961.466264999966
2016-12-18,22970.47926499997
2016-12-19,22546.86826499997
2016-12-20,22546.86826499997
2016-12-21,22488.283764999967
2016-12-22,22614.465764999964
2016-12-23,22330.556264999967
2016-12-26,22123.257264999964
2016-12-27,22763.180264999966
2016-12-28,22560.387764999967
2016-12-29,22465.751264999966
2016-12-30,22609.95926499997
2017-01-02,22655.024264999967
2017-01-03,22670.024264999967
2017-01-04,22732.024264999967
2017-01-05,22691.024264999967
2017-01-06,22762.024264999967
2017-01-08,22782.024264999967
2017-01-09,22686.024264999967
2017-01-10,22677.024264999967
2017-01-11,22746.024264999967
2017-01-12,22691.024264999967
2017-01-13,22694.024264999967
2017-01-15,22679.024264999967
2017-01-16,22660.024264999967
2017-01-17,22623.024264999967
2017-01-18,22610.024264999967
2017-01-19,22548.024264999967
2017-01-20,22628.024264999967
2017-01-22,22583.024264999967
2017-01-23,22609.024264999967
2017-01-24,22735.024264999967
2017-01-25,22876.024264999967
2017-01-26,22918.024264999967
2017-01-27,22891.024264999967
2017-01-29,22842.024264999967
2017-01-30,22760.024264999967
2017-01-31,22679.024264999967
2017-02-01,22680.024264999967
2017-02-02,22691.024264999967
2017-02-03,22870.024264999967
2017-02-05,22858.024264999967
2017-02-06,22853.024264999967
2017-02-07,22883.024264999967
2017-02-08,22880.024264999967
2017-02-09,23011.024264999967
2017-02-10,23098.024264999967
2017-02-12,23124.024264999967
2017-02-13,23258.024264999967
2017-02-14,23348.024264999967
2017-02-15,23493.024264999967
2017-02-16,23455.024264999967
2017-02-17,23470.024264999967
2017-02-19,23456.024264999967
2017-02-20,23508.024264999967
2017-02-21,23571.024264999967
2017-02-22,23632.024264999967
2017-02-23,23651.024264999967
2017-02-24,23653.024264999967
2017-02-26,23680.024264999967
2017-02-27,23681.024264999967
2017-02-28,23691.024264999967
2017-03-01,23975.024264999967
2017-03-02,23872.024264999967
2017-03-03,23860.024264999967
2017-03-05,23778.024264999967
2017-03-06,23813.024264999967
2017-03-07,23774.024264999967
2017-03-08,23748.024264999967
2017-03-09,23771.024264999967
2017-03-10,23764.024264999967
2017-03-12,23754.024264999967
2017-03-14,23689.024264999967
2017-03-15,23784.024264999967
2017-03-16,23756.024264999967
2017-03-17,23745.024264999967
2017-03-19,23730.024264999967
2017-03-20,23740.024264999967
2017-03-21,23467.024264999967
2017-03-22,23506.024264999967
2017-03-23,23500.024264999967
2017-03-24,23442.024264999967
2017-03-26,23359.024264999967
2017-03-27,23395.024264999967
2017-03-28,23521.024264999967
2017-03-29,23485.024264999967
2017-03-30,23531.024264999967
2017-03-31,23475.024264999967
2017-04-02,23486.024264999967
2017-04-03,23524.60426499997
2017-04-04,23524.60426499997
2017-04-05,23559.96926499997
2017-04-06,23489.239264999967
2017-04-07,23328.489264999967
2017-04-09,23331.704264999968
2017-04-10,23305.984264999966
2017-04-11,23579.259264999968
2017-04-12,23669.27926499997
2017-04-13,23685.35426499997
2017-04-16,11760.919264999968
2017-04-17,23576.044264999968
2017-04-18,23518.174264999965
2017-04-19,23457.089264999966
2017-04-20,23331.704264999968
2017-04-21,23273.83426499997
2017-04-23,23232.03926499997
2017-04-24,11760.919264999968
2017-04-25,23077.71926499997
2017-04-26,22955.549264999965
2017-04-27,22855.884264999968
2017-04-28,22791.58426499997
2017-04-30,22865.52926499997
2017-05-01,22640.47926499997
2017-05-02,22631.47926499997
2017-05-03,22672.47926499997
2017-05-04,22640.47926499997
2017-05-05,22742.47926499997
2017-05-07,22721.47926499997
2017-05-08,22712.47926499997
2017-05-09,22624.47926499997
2017-05-10,22664.47926499997
2017-05-11,22641.47926499997
2017-05-12,22622.47926499997
2017-05-14,22621.47926499997
2017-05-15,22704.47926499997
2017-05-16,22625.47926499997
2017-05-17,22392.47926499997
2017-05-18,22424.47926499997
2017-05-19,22565.47926499997
2017-05-21,22573.47926499997
2017-05-22,22611.47926499997
2017-05-23,22680.47926499997
2017-05-24,22766.47926499997
2017-05-25,22828.47926499997
2017-05-26,22839.47926499997
2017-05-28,22846.47926499997
2017-05-29,22838.47926499997
2017-05-30,22793.47926499997
2017-05-31,22788.47926499997
2017-06-01,22909.47926499997
2017-06-02,22971.47926499997
2017-06-04,22952.47926499997
2017-06-05,22953.47926499997
2017-06-06,22926.47926499997
2017-06-07,22939.47926499997
2017-06-08,22917.47926499997
2017-06-09,23015.47926499997
2017-06-11,23003.47926499997
2017-06-12,22962.47926499997
2017-06-13,23049.47926499997
2017-06-14,23064.47926499997
2017-06-15,23096.47926499997
2017-06-16,23129.47926499997
2017-06-18,23123.47926499997
2017-06-19,23249.47926499997
2017-06-20,23201.47926499997
2017-06-21,23124.47926499997
2017-06-22,23132.47926499997
2017-06-23,23085.47926499997
2017-06-25,23099.47926499997
2017-06-26,23140.47926499997
2017-06-27,23045.47926499997
2017-06-28,23203.47926499997
2017-06-29,23040.47926499997
2017-06-30,23092.47926499997
2017-07-02,23103.47926499997
2017-07-03,23075.036264999973
2017-07-04,23178.32926499997
2017-07-05,23093.00026499997
2017-07-06,23093.00026499997
2017-07-07,23274.137264999972
2017-07-09,23266.65226499997
2017-07-10,23242.70026499997
2017-07-11,23215.75426499997
2017-07-12,23506.172264999972
2017-07-13,23546.59126499997
2017-07-14,23699.28526499997
2017-07-16,23703.77626499997
2017-07-17,23603.477264999972
2017-07-18,23721.74026499997
2017-07-19,23780.123264999973
2017-07-20,23790.602264999972
2017-07-21,23896.889264999973
2017-07-23,23907.368264999972
2017-07-24,23959.763264999972
2017-07-25,23955.272264999974
2017-07-26,24063.05626499997
2017-07-27,23893.895264999974
2017-07-28,24101.978264999972
2017-07-30,24040.601264999972
2017-07-31,23956.769264999974
2017-08-01,23878.925264999973
2017-08-02,23854.97326499997
2017-08-03,23857.96726499997
2017-08-04,23774.88376499997
2017-08-06,23788.35676499997
2017-08-07,23756.91976499997
2017-08-08,23760.66226499997
2017-08-09,23738.20726499997
2017-08-10,23697.039764999972
2017-08-11,23753.92576499997
2017-08-13,23756.17126499997
2017-08-14,23704.524764999973
2017-08-15,23682.06976499997
2017-08-16,23802.578264999975
2017-08-17,23744.94376499997
2017-08-18,23838.50626499997
2017-08-20,23837.757764999973
2017-08-21,23862.458264999972
2017-08-22,23856.470264999974
2017-08-23,23878.17676499997
2017-08-24,23906.619764999974
2017-08-25,23941.05076499997
2017-08-27,23944.04476499997
2017-08-28,23905.12276499997
2017-08-29,23905.12276499997
2017-08-30,23794.344764999973
2017-08-31,23941.05076499997
2017-09-01,24018.146264999974
2017-09-03,24102.619214999977
2017-09-04,24128.920214999976
2017-09-05,24091.123664999977
2017-09-06,24318.319064999974
2017-09-07,24411.800114999976
2017-09-08,23948.482514999974
2017-09-10,23962.133714999974
2017-09-11,24120.020264999974
2017-09-12,23923.361114999978
2017-09-13,23710.665464999976
2017-09-14,23635.045514999976
2017-09-15,23559.219764999976
2017-09-17,23590.140014999975
2017-09-18,23575.384514999976
2017-09-19,23562.733964999978
2017-09-20,23470.100714999975
2017-09-21,23370.565814999976
2017-09-22,23437.255964999975
2017-09-24,23417.087114999977
2017-09-25,23375.517614999975
2017-09-26,23274.879164999977
2017-09-27,23209.136714999975
2017-09-28,23429.351414999976
2017-09-29,23290.633064999973
2017-10-01,23378.236214999975
2017-10-02,23134.156214999974
2017-10-03,23023.416214999976
2017-10-04,22984.996214999977
2017-10-05,23183.876214999975
2017-10-06,22842.616214999976
2017-10-08,22883.296214999977
2017-10-09,22917.196214999974
2017-10-10,23210.996214999977
2017-10-11,23258.456214999977
2017-10-12,23170.316214999977
2017-10-13,23333.03621499998
2017-10-15,23436.996214999977
2017-10-16,23427.956214999977
2017-10-17,23468.636214999977
2017-10-18,23486.71621499998
2017-10-19,23375.976214999977
2017-10-20,23479.936214999976
2017-10-22,23486.71621499998
2017-10-23,23443.776214999976
2017-10-24,23568.07621499998
2017-10-25,23495.756214999976
2017-10-26,23615.53621499998
2017-10-27,23959.056214999975
2017-10-29,23931.936214999976
2017-10-30,23929.676214999978
2017-10-31,24044.936214999976
2017-11-01,23970.356214999978
2017-11-02,24119.956214999977
2017-11-03,24291.556214999975
2017-11-05,24320.156214999977
2017-11-06,24625.956214999977
2017-11-07,24581.956214999977
2017-11-08,24548.956214999977
2017-11-09,24588.556214999975
2017-11-10,24555.556214999975
2017-11-12,24555.556214999975
2017-11-13,24518.156214999974
2017-11-14,24150.75621499998
2017-11-15,24201.356214999978
2017-11-16,24183.75621499998
2017-11-17,24507.156214999977
2017-11-19,24518.156214999974
2017-11-20,24436.75621499998
2017-11-21,24592.956214999977
2017-11-22,24790.956214999977
2017-11-23,24883.356214999978
2017-11-24,25010.956214999977
2017-11-26,24991.156214999977
2017-11-27,24768.956214999977
2017-11-28,24733.75621499998
2017-11-29,24658.956214999977
2017-11-30,24661.156214999977
2017-12-01,24861.356214999978
2017-12-03,25055.356214999978
2017-12-04,24949.356214999978
2017-12-05,24819.356214999978
2017-12-06,24803.356214999978
2017-12-07,24879.356214999978
2017-12-08,24964.356214999978
2017-12-10,24974.356214999978
2017-12-11,25068.356214999978
2017-12-12,25159.356214999978
2017-12-13,25281.356214999978
2017-12-14,25189.356214999978
2017-12-15,25320.356214999978
2017-12-17,25377.356214999978
2017-12-18,25463.356214999978
2017-12-19,25431.356214999978
2017-12-20,25385.356214999978
2017-12-21,25439.356214999978
2017-12-22,25399.356214999978
2017-12-25,25419.356214999978
2017-12-26,25425.356214999978
2017-12-27,25426.356214999978
2017-12-28,25450.356214999978
2017-12-29,25311.356214999978
2018-01-01,25405.356214999978
2018-01-02,25418.356214999978
2018-01-03,25522.356214999978
2018-01-04,25707.356214999978
2018-01-05,25910.356214999978
2018-01-07,25973.356214999978
2018-01-08,25907.356214999978
2018-01-09,26004.356214999978
2018-01-10,25981.356214999978
2018-01-11,26174.356214999978
2018-01-12,26429.356214999978
2018-01-14,26529.356214999978
2018-01-15,26580.356214999978
2018-01-16,26448.356214999978
2018-01-17,26767.356214999978
2018-01-18,26600.356214999978
2018-01-19,26689.356214999978
2018-01-21,26634.356214999978
2018-01-22,26817.356214999978
2018-01-23,26841.356214999978
2018-01-24,26867.356214999978
2018-01-25,27031.356214999978
2018-01-26,27221.356214999978
2018-01-28,27284.356214999978
2018-01-29,27104.356214999978
2018-01-30,26675.356214999978
2018-01-31,26810.356214999978
2018-02-01,26819.356214999978
2018-02-02,26075.356214999978
2018-02-04,25883.356214999978
2018-02-05,24710.356214999978
2018-02-06,25416.356214999978
2018-02-07,25165.356214999978
2018-02-08,24554.356214999978
2018-02-09,24819.356214999978
2018-02-11,24937.356214999978
2018-02-12,25193.356214999978
2018-02-13,25281.356214999978
2018-02-14,25478.356214999978
2018-02-15,25894.356214999978
2018-02-16,25869.356214999978
2018-02-18,25912.356214999978
2018-02-19,25830.356214999978
2018-02-20,25622.356214999978
2018-02-21,25347.356214999978
2018-02-22,25661.356214999978
2018-02-23,25935.356214999978
2018-02-25,26009.356214999978
2018-02-26,26400.356214999978
2018-02-27,26113.356214999978
2018-02-28,25714.356214999978
2018-03-01,25273.356214999978
2018-03-02,25365.844228999977
2018-03-04,25416.779656999977
2018-03-05,25249.22890699998
2018-03-06,25408.737220999978
2018-03-07,25262.632966999976
2018-03-08,25202.314696999976
2018-03-09,25112.50749499998
2018-03-11,25088.38018699998
2018-03-12,25230.463222999977
2018-03-13,25172.82576499998
2018-03-14,25255.93093699998
2018-03-15,25218.39956899998
2018-03-16,25300.164334999976
2018-03-18,25301.50474099998
2018-03-19,25443.587776999975
2018-03-20,25332.33407899998
2018-03-21,25452.970618999978
2018-03-22,25687.54166899998
2018-03-23,25735.796284999975
2018-03-25,25714.349788999978
2018-03-26,25540.09700899998
2018-03-27,25550.820256999978
2018-03-28,25225.101598999976
2018-03-29,25309.54717699998
2018-04-01,25336.355296999976
2018-04-02,25344.39773299998
2018-04-03,25184.889418999977
2018-04-04,25221.080380999978
2018-04-05,25141.996426999976
2018-04-06,25186.22982499998
2018-04-08,25174.166170999975
2018-04-09,25219.739974999975
2018-04-10,25128.59236699998
2018-04-11,25195.61266699998
2018-04-12,25095.082216999977
2018-04-13,25070.954908999975
2018-04-15,25032.08313499998
2018-04-16,25141.996426999976
2018-04-17,25143.33683299998
2018-04-18,25061.572066999976
2018-04-19,25038.785164999976
2018-04-20,24990.53054899998
2018-04-22,24936.914308999978
2018-04-23,24730.49178499998
2018-04-24,24723.789754999976
2018-04-25,24587.06834299998
2018-04-26,24600.472402999978
2018-04-27,24663.471484999976
2018-04-29,24648.727018999976
2018-04-30,24591.08956099998
2018-05-01,24465.09139699998
2018-05-02,24541.111396999982
2018-05-03,24848.81139699998
2018-05-04,25308.551396999985
2018-05-06,25304.931396999982
2018-05-07,25391.81139699998
2018-05-08,25460.59139699998
2018-05-09,25902.231396999985
2018-05-10,25927.57139699998
2018-05-11,25569.191396999984
2018-05-13,25616.25139699998
2018-05-14,25771.911396999978
2018-05-15,25739.331396999984
2018-05-16,25942.051396999985
2018-05-17,25956.53139699998
2018-05-18,25873.27139699998
2018-05-20,25989.111396999982
2018-05-21,26300.431396999982
2018-05-22,26170.111396999982
2018-05-23,26047.03139699998
2018-05-24,25630.731396999985
2018-05-25,24479.57139699998
2018-05-27,24428.89139699998
2018-05-28,24316.67139699998
2018-05-29,24229.791396999983
2018-05-30,24700.39139699998
2018-05-31,24327.53139699998
2018-06-01,23831.59139699998
2018-06-03,23831.59139699998
2018-06-04,23831.59139699998
2018-06-05,23831.59139699998
2018-06-06,23831.59139699998
2018-06-07,23831.59139699998
2018-06-08,23831.59139699998
2018-06-10,23831.59139699998
2018-06-11,23831.59139699998
2018-06-12,23831.59139699998
2018-06-13,23831.59139699998
2018-06-14,23831.59139699998
2018-06-15,23831.59139699998
2018-06-17,23831.59139699998
2018-06-18,23831.59139699998
2018-06-19,23831.59139699998
2018-06-20,23831.59139699998
2018-06-21,23831.59139699998
2018-06-22,23831.59139699998
2018-06-24,23831.59139699998
2018-06-25,23831.59139699998
2018-06-26,23831.59139699998
2018-06-27,23831.59139699998
2018-06-28,23831.59139699998
2018-06-29,23831.59139699998
2018-07-01,23831.59139699998
2018-07-02,23907.731396999978
2018-07-03,24014.65139699998
2018-07-04,23935.27139699998
2018-07-05,23761.93139699998
2018-07-06,23899.63139699998
2018-07-08,23894.77139699998
2018-07-09,23907.731396999978
2018-07-10,23919.071396999978
2018-07-11,23361.79139699998
2018-07-12,23314.81139699998
2018-07-13,23358.551396999977
2018-07-15,23376.371396999977
2018-07-16,22950.31139699998
2018-07-17,22908.19139699998
2018-07-18,23091.251396999978
2018-07-19,23214.371396999977
2018-07-20,22963.27139699998
2018-07-22,22984.33139699998
2018-07-23,22909.81139699998
2018-07-24,23058.851396999977
2018-07-25,23172.251396999978
2018-07-26,23191.69139699998
2018-07-27,23109.071396999978
2018-07-29,23094.491396999976
2018-07-30,23280.79139699998
2018-07-31,23007.01139699998
2018-08-01,22911.43139699998
2018-08-02,22887.624996999977
2018-08-03,22916.63904699998
2018-08-05,22896.552396999978
2018-08-06,22907.71164699998
2018-08-07,22857.86699699998
2018-08-08,22890.600796999977
2018-08-09,22866.79439699998
2018-08-10,22793.88729699998
2018-08-12,22777.52039699998
2018-08-13,22792.39939699998
2018-08-14,22857.12304699998
2018-08-15,22779.00829699998
2018-08-16,22766.361146999978
2018-08-17,22852.65934699998
2018-08-19,22854.14724699998
2018-08-20,22869.770196999976
2018-08-21,22875.721796999977
2018-08-22,22898.78424699998
2018-08-23,22818.437646999977
2018-08-24,22884.649196999977
2018-08-26,22896.552396999978
2018-08-27,22938.21359699998
2018-08-28,22969.45949699998
2018-08-29,22989.54614699998
2018-08-30,22916.63904699998
2018-08-31,22867.53834699998
2018-09-02,22848.93959699998
2018-09-03,22820.591596999977
2018-09-04,22751.21359699998
2018-09-05,22751.21359699998
2018-09-06,22768.371596999976
2018-09-07,22760.911596999977
2018-09-09,22752.70559699998
2018-09-10,22760.165596999977
2018-09-11,22846.701596999977
2018-09-12,22900.413596999977
2018-09-13,22896.68359699998
2018-09-14,22872.811596999978
2018-09-16,22863.85959699998
2018-09-17,22864.60559699998
2018-09-18,22945.17359699998
2018-09-19,22992.917596999978
2018-09-20,23001.123596999976
2018-09-21,22992.17159699998
2018-09-23,22995.90159699998
2018-09-24,22964.56959699998
2018-09-25,22957.10959699998
2018-09-26,22886.239596999978
2018-09-27,22886.239596999978
2018-09-28,22995.90159699998
2018-09-30,23065.27959699998
2018-10-01,23086.167596999978
2018-10-02,23034.487596999978
2018-10-03,23183.447596999977
2018-10-04,22970.64759699998
2018-10-05,22899.20759699998
2018-10-07,22835.367596999982
2018-10-08,22896.167596999978
2018-10-09,22969.127596999977
2018-10-10,22652.96759699998
2018-10-11,22412.807596999977
2018-10-12,22476.64759699998
2018-10-14,22598.24759699998
2018-10-15,22528.327596999978
2018-10-16,22589.127596999977
2018-10-17,22231.92759699998
2018-10-18,22061.68759699998
2018-10-19,22151.367596999982
2018-10-21,22163.52759699998
2018-10-22,22184.807596999977
2018-10-23,21695.367596999982
2018-10-24,21664.96759699998
2018-10-25,21777.447596999977
2018-10-26,21885.367596999982
2018-10-28,21894.487596999978
2018-10-29,21745.52759699998
2018-10-30,21713.60759699998
2018-10-31,21493.20759699998
2018-11-01,21274.32759699998
2018-11-02,21324.32759699998
2018-11-04,21347.52759699998
2018-11-05,21248.32759699998
2018-11-06,21293.127596999984
2018-11-07,21317.127596999984
2018-11-08,21175.127596999984
2018-11-09,20931.92759699998
2018-11-11,20961.92759699998
2018-11-12,20750.727596999983
2018-11-13,20738.727596999983
2018-11-14,20737.527596999986
2018-11-15,20837.527596999986
2018-11-16,20934.32759699998
2018-11-18,20949.127596999984
2018-11-19,21049.127596999984
2018-11-20,20891.92759699998
2018-11-21,20979.127596999984
2018-11-22,21006.32759699998
2018-11-23,20886.727596999983
2018-11-25,20905.52759699998
2018-11-26,20924.727596999983
2018-11-27,20737.527596999986
2018-11-28,20690.32759699998
2018-11-29,20644.727596999983
2018-11-30,20371.127596999984
2018-12-02,20501.127596999984
2018-12-03,20384.245596999983
2018-12-04,20306.676596999983
2018-12-05,20310.86159699998
2018-12-06,20245.160596999984
2018-12-07,20341.948596999984
2018-12-09,20282.856596999984
2018-12-10,20236.862596999985
2018-12-11,20363.834596999986
2018-12-12,20383.440596999986
2018-12-13,20355.428596999984
2018-12-14,20266.318596999983
2018-12-16,20260.509596999982
2018-12-17,20299.36359699998
2018-12-18,20024.470596999985
2018-12-19,20031.980596999983
2018-12-20,20263.233596999984
2018-12-21,20089.837596999983
2018-12-23,20132.607596999984
2018-12-24,20177.270596999984
2018-12-25,20165.46759699998
2018-12-26,20308.439596999982
2018-12-27,20288.744596999983
2018-12-28,20321.974596999986
2018-12-30,20338.529596999982
2018-12-31,20208.381596999985
2019-01-01,20229.527596999986
2019-01-02,20471.131380499985
2019-01-03,20496.526728499983
2019-01-04,20349.089226999986
2019-01-06,20349.597947999984
2019-01-07,20370.174691999986
2019-01-08,20330.891261499983
2019-01-09,20434.273529999988
2019-01-10,20386.547366999985
2019-01-11,20359.334866499987
2019-01-13,20371.255215499983
2019-01-14,20414.058994999985
2019-01-15,20358.954342999987
2019-01-16,20342.201144499984
2019-01-17,20326.823527999986
2019-01-18,20192.366549999988
2019-01-20,20206.089805999985
2019-01-21,20183.986898999985
2019-01-22,20222.210154999982
2019-01-23,20223.821782999985
2019-01-24,20197.095619999986
2019-01-25,20358.413061999985
2019-01-27,20347.190678499985
2019-01-28,20385.074108999986
2019-01-29,20413.881957499987
2019-01-30,20518.135155999986
2019-01-31,20540.364225999987
2019-02-01,20489.949980499987
2019-02-03,20488.549980499985
2019-02-04,20415.799980499985
2019-02-05,20433.58498049999
2019-02-06,20251.214980499986
2019-02-07,20325.339980499986
2019-02-08,20408.69498049999
2019-02-10,20399.879980499987
2019-02-11,20276.104980499986
2019-02-12,20290.38998049999
2019-02-13,20190.82998049999
2019-02-14,20228.059980499987
2019-02-15,20411.284980499986
2019-02-17,20403.169980499988
2019-02-18,20462.774980499984
2019-02-19,10376.719980499987
2019-02-20,20732.284980499986
2019-02-21,20465.134980499985
2019-02-22,20534.77498049999
2019-02-24,20526.659980499986
2019-02-25,20502.05498049999
2019-02-26,20535.75998049999
2019-02-27,20355.90498049999
2019-02-28,20216.884980499985
2019-03-01,19856.994980499985
2019-03-03,19856.994980499985
2019-03-04,19856.994980499985
2019-03-05,19856.994980499985
2019-03-06,19856.994980499985
2019-03-07,19856.994980499985
2019-03-08,19856.994980499985
2019-03-10,19856.994980499985
2019-03-11,19856.994980499985
2019-03-12,19856.994980499985
2019-03-13,19856.994980499985
2019-03-14,19856.994980499985
2019-03-15,19856.994980499985
2019-03-17,19856.994980499985
2019-03-18,19856.994980499985
2019-03-19,19856.994980499985
2019-03-20,19856.994980499985
2019-03-21,19856.994980499985
2019-03-22,19856.994980499985
2019-03-24,19856.994980499985
2019-03-25,19856.994980499985
2019-03-26,19856.994980499985
2019-03-27,19856.994980499985
2019-03-28,19856.994980499985
2019-03-29,19856.994980499985
2019-03-31,19856.994980499985
2019-04-01,19856.994980499985
2019-04-02,20097.744980499985
2019-04-03,20059.224980499985
2019-04-04,19924.404980499985
2019-04-05,20338.494980499985
2019-04-07,20386.644980499987
2019-04-08,20720.484980499987
2019-04-09,20633.81498049999
2019-04-10,20688.384980499985
2019-04-11,20502.204980499988
2019-04-12,20498.994980499985
2019-04-14,20460.474980499985
2019-04-15,20409.114980499984
2019-04-16,20688.384980499985
2019-04-17,20489.364980499984
2019-04-18,20576.034980499986
2019-04-21,20730.114980499988
2019-04-22,21144.204980499984
2019-04-23,21227.664980499987
2019-04-24,21140.99498049999
2019-04-25,20893.824980499983
2019-04-26,20190.834980499985
2019-04-28,20203.674980499985
2019-04-29,20428.374980499986
2019-04-30,20428.374980499986
2019-05-01,20409.114980499984
2019-05-02,19831.314980499985
2019-05-03,19889.094980499987
2019-05-05,19452.534980499986
2019-05-06,20033.544980499988
2019-05-07,19789.584980499985
2019-05-08,19921.194980499986
2019-05-09,19892.304980499986
2019-05-10,19840.944980499986
2019-05-12,19715.754980499987
2019-05-13,19593.774980499984
2019-05-14,19706.124980499986
2019-05-15,20007.864980499984
2019-05-16,20309.604980499986
2019-05-17,20161.944980499986
2019-05-19,20386.644980499987
2019-05-20,20383.434980499984
2019-05-21,20184.414980499987
2019-05-22,19722.174980499985
2019-05-23,18711.024980499984
2019-05-24,18977.454980499988
2019-05-26,18897.204980499988
2019-05-27,19022.394980499987
2019-05-28,18938.934980499984
2019-05-29,18987.084980499985
2019-05-30,17972.724980499985
2019-05-31,17160.594980499987
2019-06-02,16990.464980499986
2019-06-03,17018.935488999985
2019-06-04,16982.199348999988
2019-06-05,16968.423296499986
2019-06-06,16946.381612499987
2019-06-07,16988.628173499987
2019-06-09,16946.381612499987
2019-06-10,16959.239261499988
2019-06-11,16939.952787999988
2019-06-12,16932.605559999985
2019-06-13,16957.40245449999
2019-06-14,16920.666314499987
2019-06-16,16918.829507499988
2019-06-17,17037.30355899999
2019-06-18,17029.956330999987
2019-06-19,17099.754996999985
2019-06-20,17226.494679999985
2019-06-21,17224.65787299999
2019-06-23,17223.739469499986
2019-06-24,17215.473837999987
2019-06-25,17242.107539499986
2019-06-26,17144.75676849999
2019-06-27,17142.919961499985
2019-06-28,17117.204663499986
2019-06-30,17041.89557649999
2019-07-01,17040.977172999985
2019-07-02,17126.388698499988
2019-07-03,17131.899119499987
2019-07-04,17122.71508449999
2019-07-05,17018.935488999985
2019-07-07,17018.01708549999
2019-07-08,16980.362541999984
2019-07-09,16946.381612499987
2019-07-10,17034.548348499986
2019-07-11,16992.30178749999
2019-07-12,17099.754996999985
2019-07-14,17113.531049499987
2019-07-15,17099.754996999985
2019-07-16,17051.998014999986
2019-07-17,17089.652558499987
2019-07-18,17172.308873499987
2019-07-19,17119.041470499986
2019-07-21,17105.265417999988
2019-07-22,17090.570961999987
2019-07-23,17037.30355899999
2019-07-24,17040.05876949999
2019-07-25,16961.994471999988
2019-07-26,16960.157664999988
2019-07-28,16966.586489499987
2019-07-29,16932.605559999985
2019-07-30,16976.68892799999
2019-07-31,16932.605559999985
2019-08-01,17148.430382499988
2019-08-02,17043.430382499988
2019-08-04,17017.180382499988
2019-08-05,17342.680382499988
2019-08-06,17316.430382499988
2019-08-07,17977.930382499988
2019-08-08,17878.180382499988
2019-08-09,17799.430382499988
2019-08-11,17857.180382499988
2019-08-12,17920.180382499988
2019-08-13,17809.930382499988
2019-08-14,18088.180382499988
2019-08-15,18145.930382499988
2019-08-16,17946.430382499988
2019-08-18,17930.680382499988
2019-08-19,17710.180382499988
2019-08-20,17967.430382499988
2019-08-21,17967.430382499988
2019-08-22,17867.680382499988
2019-08-23,18271.930382499988
2019-08-25,18555.430382499988
2019-08-26,18534.430382499988
2019-08-27,19075.180382499988
2019-08-28,19227.430382499988
2019-08-29,19111.930382499988
2019-08-30,19411.180382499988
2019-09-01,19505.680382499988
2019-09-02,19320.805382499988
2019-09-03,20135.180382499988
2019-09-04,20591.555382499988
2019-09-05,19825.430382499988
2019-09-06,19474.180382499988
2019-09-08,19445.555382499988
2019-09-09,19287.430382499988
2019-09-10,19204.930382499988
2019-09-11,19374.680382499988
2019-09-12,19400.930382499988
2019-09-13,19048.555382499988
2019-09-15,19297.930382499988
2019-09-16,19132.305382499988
2019-09-17,19250.430382499988
2019-09-18,18923.555382499988
2019-09-19,19134.555382499988
2019-09-20,19301.305382499988
2019-09-22,19338.680382499988
2019-09-23,19762.305382499988
2019-09-24,19740.930382499988
2019-09-25,19107.430382499988
2019-09-26,19094.680382499988
2019-09-27,18884.180382499988
2019-09-29,18972.930382499988
2019-09-30,18246.055382499988
2019-10-01,18313.055382499988
2019-10-02,18562.510382499993
2019-10-03,18633.39038249999
2019-10-04,18573.10038249999
2019-10-06,18604.64038249999
2019-10-07,18421.92038249999
2019-10-08,18715.07538249999
2019-10-09,18756.42538249999
2019-10-10,18474.51538249999
2019-10-11,18456.49038249999
2019-10-13,18400.50538249999
2019-10-14,18522.025382499993
2019-10-15,18343.81538249999
2019-10-16,18376.00538249999
2019-10-17,18476.525382499993
2019-10-18,18455.89038249999
2019-10-20,18477.23038249999
2019-10-21,18421.925382499987
2019-10-22,18441.020382499988
2019-10-23,18462.255382499992
2019-10-24,18657.005382499992
2019-10-25,18783.145382499988
2019-10-27,18780.145382499988
2019-10-28,18591.840382499988
2019-10-29,18545.79538249999
2019-10-30,18630.08538249999
2019-10-31,18857.13038249999
2019-11-01,18880.27038249999
2019-11-03,18880.27038249999
2019-11-04,18739.870382499994
2019-11-05,18677.77038249999
2019-11-06,18677.77038249999
2019-11-07,18515.77038249999
2019-11-08,18301.570382499995
2019-11-10,18309.670382499993
2019-11-11,18180.970382499992
2019-11-12,18153.970382499992
2019-11-13,18171.070382499995
2019-11-14,18234.070382499995
2019-11-15,18316.870382499994
2019-11-17,18325.870382499994
2019-11-18,18360.970382499992
2019-11-19,18498.670382499993
2019-11-20,18563.470382499992
2019-11-21,18542.77038249999
2019-11-22,18329.470382499992
2019-11-24,18339.370382499994
2019-11-25,18373.570382499995
2019-11-26,18474.370382499994
2019-11-27,18381.670382499993
2019-11-28,18347.470382499992
2019-11-29,18367.27038249999
2019-12-01,18381.670382499993
2019-12-02,18335.12238249999
2019-12-03,18254.094382499992
2019-12-04,18362.706382499993
2019-12-05,18381.670382499993
2019-12-06,18667.854382499994
2019-12-08,18636.822382499995
2019-12-09,18686.818382499994
2019-12-10,18714.402382499993
2019-12-11,18821.290382499992
2019-12-12,18929.902382499993
2019-12-13,18795.430382499995
2019-12-15,18797.15438249999
2019-12-16,18860.94238249999
2019-12-17,18871.286382499995
2019-12-18,18878.182382499996
2019-12-19,18929.902382499993
2019-12-20,18860.94238249999
2019-12-22,18871.286382499995
2019-12-23,18874.73438249999
2019-12-24,18933.350382499993
2019-12-25,18978.174382499994
2019-12-26,19017.826382499992
2019-12-27,18931.62638249999
2019-12-29,18941.970382499996
2019-12-30,18917.834382499994
2019-12-31,18841.978382499994
2020-01-01,18866.114382499993
2020-01-02,18838.57438249999
2020-01-03,19127.744382499994
2020-01-05,19251.674382499994
2020-01-06,19117.034382499995
2020-01-07,19410.794382499993
2020-01-08,18651.914382499992
2020-01-09,18590.714382499995
2020-01-10,18527.98438249999
2020-01-12,18495.854382499994
2020-01-13,18373.454382499993
2020-01-14,18367.334382499994
2020-01-15,18373.454382499993
2020-01-16,18449.954382499993
2020-01-17,18480.55438249999
2020-01-19,18549.40438249999
2020-01-20,18468.314382499993
2020-01-21,18402.524382499992
2020-01-22,18070.514382499994
2020-01-23,17998.604382499994
2020-01-24,17775.224382499993
2020-01-26,17530.424382499994
2020-01-27,17585.504382499992
2020-01-28,17710.964382499995
2020-01-29,17611.514382499994
2020-01-30,17571.73438249999
2020-01-31,17382.014382499994
2020-02-02,17293.274382499992
2020-02-03,17185.274382499992
2020-02-04,16932.274382499992
2020-02-05,16951.274382499992
2020-02-06,17047.274382499992
2020-02-07,17092.274382499992
2020-02-09,17137.274382499992
2020-02-10,17108.274382499992
2020-02-11,17057.274382499992
2020-02-12,17082.274382499992
2020-02-13,17158.274382499992
2020-02-14,17223.274382499992
2020-02-16,17214.274382499992
2020-02-17,17224.274382499992
2020-02-18,17360.274382499992
2020-02-19,17484.274382499992
2020-02-20,17603.274382499992
2020-02-21,17813.274382499992
2020-02-23,18036.274382499992
2020-02-24,17915.274382499992
2020-02-25,17773.274382499992
2020-02-26,17809.274382499992
2020-02-27,17777.274382499992
2020-02-28,1354.2743824999925
2020-03-01,17161.274382499992
2020-03-02,17024.641522499987
2020-03-03,17255.44027249999
2020-03-04,17149.27284749999
2020-03-05,17381.91798749999
2020-03-06,17535.16835749999
2020-03-08,17771.50627749999
2020-03-09,17917.371087499992
2020-03-10,17581.328107499987
2020-03-11,17665.33885249999
2020-03-12,17640.412587499988
2020-03-13,17086.49558749999
2020-03-15,17290.521682499988
2020-03-16,17486.23902249999
2020-03-17,17266.51861249999
2020-03-18,17119.73060749999
2020-03-19,16691.368127499987
2020-03-20,16749.52941249999
2020-03-22,16806.767502499988
2020-03-23,16664.59547249999
2020-03-24,16711.67841749999
2020-03-25,16742.143852499987
2020-03-26,16986.79052749999
2020-03-27,17191.73981749999
2020-03-29,17252.67068749999
2020-03-30,17153.88882249999
2020-03-31,17228.667617499992
2020-04-01,17253.59388249999
2020-04-02,17131.73214249999
2020-04-03,17050.49098249999
2020-04-05,17017.255962499992
2020-04-06,16951.70911749999
2020-04-07,17027.41110749999
2020-04-08,16982.17455249999
2020-04-09,17055.10695749999
2020-04-12,17073.570857499988
2020-04-13,17103.11309749999
2020-04-14,17266.51861249999
2020-04-15,17181.58467249999
2020-04-16,17128.03936249999
2020-04-17,17188.97023249999
2020-04-19,17164.04396749999
2020-04-20,17167.736747499992
2020-04-21,17157.58160249999
2020-04-22,17139.117702499992
2020-04-23,17164.96716249999
2020-04-24,17192.66301249999
2020-04-26,17189.893427499992
2020-04-27,17223.12844749999
2020-04-28,17308.06238749999
2020-04-29,17330.21906749999
2020-04-30,17219.435667499987
2020-05-01,17280.366537499987
2020-05-03,17308.985582499987
2020-05-04,17315.44794749999
2020-05-05,17356.06852749999
2020-05-06,17393.91952249999
2020-05-07,17368.070062499988
2020-05-08,17320.06392249999
2020-05-10,17276.67375749999
2020-05-11,17166.81355249999
2020-05-12,17236.053177499987
2020-05-13,17272.05778249999
2020-05-14,17204.66454749999
2020-05-15,17254.51707749999
2020-05-17,17226.82122749999
2020-05-18,17200.97176749999
2020-05-19,17129.885752499988
2020-05-20,17165.89035749999
2020-05-21,17157.58160249999
2020-05-22,17162.19757749999
2020-05-24,17140.04089749999
2020-05-25,17149.27284749999
2020-05-26,17179.73828249999
2020-05-27,17129.885752499988
2020-05-28,17155.73521249999
2020-05-29,17128.96255749999
2020-05-31,17144.65687249999
2020-06-01,17168.659942499988
2020-06-02,16644.259942499986
2020-06-03,16364.959942499987
2020-06-04,16520.759942499986
2020-06-05,15918.459942499987
2020-06-07,15937.459942499987
2020-06-08,16475.159942499988
2020-06-09,16404.859942499985
2020-06-10,16212.959942499987
2020-06-11,15506.159942499986
2020-06-12,15650.559942499987
2020-06-14,15582.159942499986
2020-06-15,15853.859942499987
2020-06-16,16049.559942499987
2020-06-17,15905.159942499986
2020-06-18,15546.059942499987
2020-06-19,15730.359942499987
2020-06-21,15768.359942499987
2020-06-22,16112.259942499988
2020-06-23,16097.059942499987
2020-06-24,15200.259942499988
2020-06-25,15452.959942499987
2020-06-26,15338.959942499987
2020-06-28,15392.159942499986
2020-06-29,15880.459942499987
2020-06-30,15920.359942499987
2020-07-01,15958.359942499985
2020-07-02,16090.715942499988
2020-07-03,16031.263942499987
2020-07-05,16070.036942499984
2020-07-06,16314.616942499986
2020-07-07,16246.243942499987
2020-07-08,16449.815942499987
2020-07-09,16255.846942499986
2020-07-10,16648.279942499987
2020-07-12,16548.421942499986
2020-07-13,16495.281942499987
2020-07-14,16740.837942499988
2020-07-15,16656.365942499986
2020-07-16,16629.884942499983
2020-07-17,16603.403942499983
2020-07-19,16660.313942499986
2020-07-20,16737.945942499984
2020-07-21,17002.160942499984
2020-07-22,16874.869942499983
2020-07-23,16773.341942499985
2020-07-24,16740.106942499984
2020-07-26,16684.381942499986
2020-07-27,16880.622942499987
2020-07-28,16741.156942499987
2020-07-29,16825.947942499984
2020-07-30,16604.803942499984
2020-07-31,16454.856942499984
2020-08-02,16379.152942499986
2020-08-03,16540.704942499982
2020-08-04,16730.804942499984
2020-08-05,16779.740942499986
2020-08-06,16892.888942499983
2020-08-07,16393.160942499984
2020-08-09,16363.304942499984
2020-08-10,16576.960942499984
2020-08-11,16060.352942499983
2020-08-12,16211.436942499986
2020-08-13,16100.916942499985
2020-08-14,16233.216942499985
2020-08-16,16158.824942499985
2020-08-17,16511.512942499983
2020-08-18,16810.604942499984
2020-08-19,16528.268942499984
2020-08-20,16643.192942499983
2020-08-21,16388.952942499986
2020-08-23,16370.788942499985
2020-08-24,16345.188942499986
2020-08-25,16388.268942499984
2020-08-26,16598.368942499983
2020-08-27,16483.896942499985
2020-08-28,16731.00094249998
2020-08-30,16844.708942499983
2020-08-31,16851.244942499983
2020-09-01,16802.71694249999
2020-09-02,16575.392092499984
2020-09-03,16188.360292499985
2020-09-04,16390.043442499984
2020-09-06,16360.689842499987
2020-09-07,16354.506142499986
2020-09-08,16120.341692499986
2020-09-09,16358.926692499985
2020-09-10,16273.234342499984
2020-09-11,16266.188042499985
2020-09-13,16269.547742499983
2020-09-14,16404.566292499985
2020-09-15,16367.139292499985
2020-09-16,16382.166192499984
2020-09-17,16378.386792499985
2020-09-18,16255.990842499987
2020-09-20,16238.525892499985
2020-09-21,15460.322242499986
2020-09-22,15500.362342499984
2020-09-23,14715.858992499985
2020-09-24,15097.021342499984
2020-09-25,14971.288892499984
2020-09-27,15009.287442499985
2020-09-28,15267.016192499987
2020-09-29,15395.174042499986
2020-09-30,15161.013792499985
2020-10-01,15312.354192499984
2020-10-02,15328.503052499984
2020-10-04,15314.372799999983
2020-10-05,15300.242547499984
2020-10-06,15304.683483999983
2020-10-07,15280.863915499984
2020-10-08,15276.826700499983
2020-10-09,15305.894648499983
2020-10-11,15305.894648499983
2020-10-12,15326.484444999984
2020-10-13,15317.198850499983
2020-10-14,15341.018418999984
2020-10-15,15324.869558999984
2020-10-16,15320.832343999984
2020-10-18,15319.217457999985
2020-10-19,15316.795128999984
2020-10-20,15315.987685999984
2020-10-21,15373.719860499983
2020-10-22,15357.571000499984
2020-10-23,15371.297531499982
2020-10-25,15372.508695999984
2020-10-26,15362.819379999983
2020-10-27,15383.409176499983
2020-10-28,15399.961757999983
2020-10-29,15381.794290499984
2020-10-30,15374.931024999983
2020-11-01,15380.179404499984
2020-11-02,15504.781628499984
2020-11-03,15574.636496499983
2020-11-04,15573.809976499984
2020-11-05,15631.106724499985
2020-11-06,15761.048378499983
2020-11-08,15813.012909499983
2020-11-09,15608.141208499985
2020-11-10,15623.361830499982
2020-11-11,15555.516707499983
2020-11-12,15591.957351499985
2020-11-13,15748.108965499983
2020-11-15,15755.889924499985
2020-11-16,15860.463547499983
2020-11-17,15840.996232499981
2020-11-18,15823.500631499985
2020-11-19,15868.791366499983
2020-11-20,16086.348723499983
2020-11-22,16069.360968499985
2020-11-23,15974.911149499985
2020-11-24,16074.039445499984
2020-11-25,16091.808476499986
2020-11-26,16195.115599499984
2020-11-27,16352.237661499983
2020-11-29,16384.484069499988
2020-11-30,16462.127109499983
2020-12-01,16557.516558499985
2020-12-02,16546.851558499984
2020-12-03,16530.261558499984
2020-12-04,16644.021558499982
2020-12-06,16641.651558499987
2020-12-07,16587.141558499985
2020-12-08,16574.106558499985
2020-12-09,16565.811558499983
2020-12-10,16774.371558499985
2020-12-11,16657.056558499986
2020-12-13,16673.646558499982
2020-12-14,16615.581558499984
2020-12-15,16667.721558499987
2020-12-16,16728.156558499984
2020-12-17,16819.401558499987
2020-12-18,16913.016558499985
2020-12-20,16882.206558499987
2020-12-21,16774.371558499985
2020-12-22,16630.986558499986
2020-12-23,16686.681558499986
2020-12-24,16744.746558499985
2020-12-27,16751.856558499985
2020-12-28,16764.891558499985
2020-12-29,16698.531558499984
2020-12-30,16691.421558499984
2020-12-31,16622.691558499984
2021-01-03,16658.241558499984
2021-01-04,16618.065558499984
2021-01-05,17095.747558499985
2021-01-06,17116.131558499983
2021-01-07,17320.37355849998
2021-01-08,16918.96755849998
2021-01-10,16713.47755849998
2021-01-11,16481.889558499985
2021-01-12,16841.88755849998
2021-01-13,16944.56755849998
2021-01-14,17224.101558499984
2021-01-15,16726.237558499983
2021-01-17,16620.18155849998
2021-01-18,16895.75555849998
2021-01-19,16918.05155849998
2021-01-20,17086.357558499985
2021-01-21,17240.61355849998
2021-01-22,16982.62355849998
2021-01-24,17015.181558499982
2021-01-25,16993.207558499984
2021-01-26,16974.035558499985
2021-01-27,16482.54155849998
2021-01-28,16693.61355849998
2021-01-29,16591.39955849998
2021-01-31,16712.43155849998
2021-02-01,16992.65155849998
2021-02-02,17423.77155849998
2021-02-03,17721.75155849998
2021-02-04,17921.46155849998
2021-02-05,18092.641558499978
2021-02-07,18197.25155849998
2021-02-08,18406.47155849998
2021-02-09,18511.08155849998
2021-02-10,18492.06155849998
2021-02-11,18374.77155849998
2021-02-12,18935.86155849998
2021-02-14,19135.571558499978
2021-02-15,19053.15155849998
2021-02-16,19015.11155849998
2021-02-17,19585.71155849998
2021-02-18,18926.35155849998
2021-02-19,18717.13155849998
2021-02-21,18910.50155849998
2021-02-22,19534.99155849998
2021-02-23,19417.70155849998
2021-02-24,20146.801558499978
2021-02-25,20108.76155849998
2021-02-26,19547.671558499977
2021-02-28,19810.78155849998
2021-03-01,19103.871558499977
2021-03-02,18840.76155849998
2021-03-03,19262.371558499977
2021-03-04,20359.191558499977
2021-03-05,21012.21155849998
2021-03-07,21288.001558499982
2021-03-08,20568.411558499978
2021-03-09,20270.43155849998
2021-03-10,20498.671558499977
2021-03-11,20898.09155849998
2021-03-12,20783.97155849998
2021-03-14,20910.77155849998
2021-03-15,20701.551558499978
2021-03-16,20574.751558499982
2021-03-17,20473.31155849998
2021-03-18,18948.54155849998
2021-03-19,19500.121558499977
2021-03-21,19313.09155849998
2021-03-22,19433.551558499978
2021-03-23,18251.141558499978
2021-03-24,19217.99155849998
2021-03-25,18634.71155849998
2021-03-26,19249.691558499977
2021-03-28,19259.20155849998
2021-03-29,19690.321558499978
2021-03-30,19148.25155849998
2021-03-31,18888.31155849998
2021-04-01,19414.53155849998
2021-04-02,9738.61155849998
2021-04-04,19420.85155849998
2021-04-05,19046.391558499978
2021-04-06,19090.631558499983
2021-04-07,19158.571558499978
2021-04-08,19179.11155849998
2021-04-09,19114.33155849998
2021-04-11,19149.091558499982
2021-04-12,19180.69155849998
2021-04-13,19302.35155849998
2021-04-14,19673.65155849998
2021-04-15,19749.49155849998
2021-04-16,19703.67155849998
2021-04-18,19672.071558499978
2021-04-19,19790.571558499978
2021-04-20,19589.91155849998
2021-04-21,19398.73155849998
2021-04-22,19510.91155849998
2021-04-23,19540.93155849998
2021-04-25,19523.55155849998
2021-04-26,19545.67155849998
2021-04-27,19692.61155849998
2021-04-28,19823.75155849998
2021-04-29,19977.01155849998
2021-04-30,19770.03155849998
2021-05-02,19811.11155849998
2021-05-03,19811.11155849998
2021-05-04,19811.11155849998
2021-05-05,19811.11155849998
2021-05-06,19811.11155849998
2021-05-07,19811.11155849998
2021-05-09,19811.11155849998
2021-05-10,19811.11155849998
2021-05-11,19811.11155849998
2021-05-12,19811.11155849998
2021-05-13,19811.11155849998
2021-05-14,19811.11155849998
2021-05-16,19811.11155849998
2021-05-17,19811.11155849998
2021-05-18,19811.11155849998
2021-05-19,19811.11155849998
2021-05-20,19811.11155849998
2021-05-21,19811.11155849998
2021-05-23,19811.11155849998
2021-05-24,19811.11155849998
2021-05-25,19811.11155849998
2021-05-26,19811.11155849998
2021-05-27,19811.11155849998
2021-05-28,19811.11155849998
2021-05-30,19811.11155849998
2021-05-31,19811.11155849998
2021-06-01,19811.11155849998
2021-06-02,19861.32885849998
2021-06-03,19746.54645849998
2021-06-04,19795.56810849998
2021-06-06,19802.74200849998
2021-06-07,19783.61160849998
2021-06-08,19740.56820849998
2021-06-09,19738.17690849998
2021-06-10,19769.26380849998
2021-06-11,19664.046608499983
2021-06-13,19670.02485849998
2021-06-14,19692.74220849998
2021-06-15,19623.39450849998
2021-06-16,19475.13390849998
2021-06-17,19369.916708499983
2021-06-18,19189.37355849998
2021-06-20,19204.917008499982
2021-06-21,19331.65590849998
2021-06-22,19423.72095849998
2021-06-23,19432.09050849998
2021-06-24,19405.78620849998
2021-06-25,19438.06875849998
2021-06-27,19456.00350849998
2021-06-28,19385.46015849998
2021-06-29,19289.808158499978
2021-06-30,19293.39510849998
2021-07-01,19220.46045849998
2021-07-02,19239.66045849998
2021-07-04,19233.26045849998
2021-07-05,19374.06045849998
2021-07-06,19033.58045849998
2021-07-07,18844.140458499976
2021-07-08,18987.500458499977
2021-07-09,19167.98045849998
2021-07-11,19176.94045849998
2021-07-12,19118.06045849998
2021-07-13,19217.90045849998
2021-07-14,18933.74045849998
2021-07-15,18750.70045849998
2021-07-16,18760.94045849998
2021-07-18,18751.98045849998
2021-07-19,18177.26045849998
2021-07-20,18160.62045849998
2021-07-21,18607.34045849998
2021-07-22,18794.220458499978
2021-07-23,18853.10045849998
2021-07-25,18872.30045849998
2021-07-26,18842.860458499978
2021-07-27,18828.78045849998
2021-07-28,18885.10045849998
2021-07-29,18996.46045849998
2021-07-30,19063.02045849998
2021-08-01,19051.500458499977
2021-08-02,18749.640458499976
2021-08-03,18621.930458499977
2021-08-04,18325.23045849998
2021-08-05,18447.78045849998
2021-08-06,18291.69045849998
2021-08-08,18209.130458499978
2021-08-09,18176.880458499978
2021-08-10,18375.540458499978
2021-08-11,18483.90045849998
2021-08-12,18420.69045849998
2021-08-13,18317.49045849998
2021-08-15,18323.94045849998
2021-08-16,18262.020458499977
2021-08-17,18129.15045849998
2021-08-18,17887.92045849998
2021-08-19,17796.33045849998
2021-08-20,17521.56045849998
2021-08-22,17580.90045849998
2021-08-23,17997.570458499977
2021-08-24,18240.09045849998
2021-08-25,18312.33045849998
2021-08-26,18291.69045849998
2021-08-27,18400.05045849998
2021-08-29,18485.19045849998
2021-08-30,18459.390458499976
2021-08-31,18376.83045849998
2021-09-01,18340.710458499976
2021-09-02,18319.710458499976
2021-09-03,18412.210458499976
2021-09-05,18411.710458499976
2021-09-06,18391.710458499976
2021-09-07,18243.710458499976
2021-09-08,18224.710458499976
2021-09-09,18245.710458499976
2021-09-10,18203.710458499976
2021-09-12,18206.710458499976
2021-09-13,18235.210458499976
2021-09-14,18290.210458499976
2021-09-15,18243.710458499976
2021-09-16,18033.210458499976
2021-09-17,18032.210458499976
2021-09-19,18034.710458499976
2021-09-20,18091.210458499976
2021-09-21,18140.210458499976
2021-09-22,18101.210458499976
2021-09-23,17994.210458499976
2021-09-24,18015.710458499976
2021-09-26,18011.210458499976
2021-09-27,18019.210458499976
2021-09-28,17938.710458499976
2021-09-29,17905.710458499976
2021-09-30,18030.710458499976
2021-10-01,18069.210458499976
2021-10-03,18093.63165849998
2021-10-04,18326.352758499976
2021-10-05,18502.283158499973
2021-10-06,18285.17925849998
2021-10-07,18507.14295849998
2021-10-08,18651.90385849998
2021-10-10,18655.80565849998
2021-10-11,18744.913458499977
2021-10-12,18733.537358499976
2021-10-13,18816.842358499976
2021-10-14,18966.60025849998
2021-10-15,19101.786258499975
2021-10-17,19133.771558499975
2021-10-18,18970.69415849998
2021-10-19,19089.74405849998
2021-10-20,19247.06605849998
2021-10-21,19052.756758499978
2021-10-22,19250.868058499975
2021-10-24,19261.006758499978
2021-10-25,19225.543758499975
2021-10-26,19267.57295849998
2021-10-27,19043.189358499978
2021-10-28,19120.399658499977
2021-10-29,19149.00205849998
2021-10-31,19122.72725849998
2021-11-01,19236.682858499975
2021-11-02,19104.478458499976
2021-11-03,18831.287358499972
2021-11-04,18706.30265849998
2021-11-05,18864.067158499976
2021-11-07,18908.677758499976
2021-11-08,18975.694058499972
2021-11-09,19275.11975849998
2021-11-10,18882.443158499977
2021-11-11,18784.610358499976
2021-11-12,18736.744958499974
2021-11-14,18777.390658499975
2021-11-15,18778.989758499974
2021-11-16,18704.373158499973
2021-11-17,18416.232458499977
2021-11-18,18478.04345849998
2021-11-19,18098.953758499974
2021-11-21,18074.017058499976
2021-11-22,18135.806158499978
2021-11-23,18363.419158499975
2021-11-24,18389.001158499974
2021-11-25,18278.915858499975
2021-11-26,17141.646758499974
2021-11-28,17546.268258499975
2021-11-29,17472.906658499975
2021-11-30,17004.402258499977
2021-12-01,16901.242758499975
2021-12-02,16929.152258499977
2021-12-03,16962.232758499977
2021-12-05,17028.998258499974
2021-12-06,17080.984758499973
2021-12-07,17108.142758499976
2021-12-08,17185.055758499977
2021-12-09,17017.538758499977
2021-12-10,17007.861258499976
2021-12-12,17053.51075849998
2021-12-13,17012.689258499973
2021-12-14,16912.85025849998
2021-12-15,16931.088758499976
2021-12-16,17077.650758499978
2021-12-17,17061.889258499978
2021-12-19,17043.38375849998
2021-12-20,17070.17025849998
2021-12-21,17137.118258499977
2021-12-22,17277.81375849998
2021-12-23,17337.084258499977
2021-12-26,17294.606758499976
2021-12-27,17450.313258499977
2021-12-28,17397.23225849998
2021-12-29,17336.417758499978
2021-12-30,17336.178758499977
2021-12-31,17528.299258499977
2022-01-02,17523.30275849998
2022-01-03,17421.70275849998
2022-01-04,17462.50275849998
2022-01-05,17446.90275849998
2022-01-06,17369.70275849998
2022-01-07,17391.30275849998
2022-01-09,17384.50275849998
2022-01-10,17409.30275849998
2022-01-11,17487.30275849998
2022-01-12,17505.70275849998
2022-01-13,17487.30275849998
2022-01-14,17474.50275849998
2022-01-16,17468.50275849998
2022-01-17,17480.10275849998
2022-01-18,17459.30275849998
2022-01-19,17560.90275849998
2022-01-20,17563.70275849998
2022-01-21,17549.70275849998
2022-01-23,17545.70275849998
2022-01-24,17580.50275849998
2022-01-25,17604.10275849998
2022-01-26,17490.90275849998
2022-01-27,17390.50275849998
2022-01-28,17365.70275849998
2022-01-30,17365.70275849998
2022-01-31,17399.70275849998
2022-02-01,17409.30275849998
2022-02-02,17399.562758499982
2022-02-03,17676.93475849998
2022-02-04,17897.48275849998
2022-02-06,17894.54775849998
2022-02-07,17792.56675849998
2022-02-08,17616.144758499977
2022-02-09,17948.68375849998
2022-02-10,17934.958758499975
2022-02-11,17964.973758499982
2022-02-13,18072.83575849998
2022-02-14,18172.85475849998
2022-02-15,17999.451758499978
2022-02-16,17894.60875849998
2022-02-17,17864.15975849998
2022-02-18,17887.69875849998
2022-02-20,17896.53175849998
2022-02-21,17919.97175849998
2022-02-22,17892.59975849998
2022-02-23,17903.28075849998
2022-02-24,18163.049758499983
2022-02-25,17843.525758499978
2022-02-27,18309.01875849998
2022-02-28,18283.59575849998
2022-03-01,19466.61675849998
2022-03-02,19800.65675849998
2022-03-03,19686.55675849998
2022-03-04,20399.62675849998
2022-03-06,21577.216758499977
2022-03-07,21083.30675849998
2022-03-08,21727.206758499982
2022-03-09,20106.506758499978
2022-03-10,19848.356758499976
2022-03-11,19948.816758499983
2022-03-13,19700.776758499982
2022-03-14,19053.246758499976
2022-03-15,18373.286758499977
2022-03-16,18445.72675849998
2022-03-17,19184.65675849998
2022-03-18,19231.72675849998
2022-03-20,19183.326758499978
2022-03-21,19951.73675849998
2022-03-22,19550.326758499978
2022-03-23,20212.036758499977
2022-03-24,20051.536758499977
2022-03-25,20094.72675849998
2022-03-27,19919.73675849998
2022-03-28,19144.856758499976
2022-03-29,19307.106758499976
2022-03-30,19507.856758499976
2022-03-31,18956.30675849998
2022-04-01,18749.846758499978
2022-04-03,18650.20675849998
2022-04-04,19236.42675849998
2022-04-05,18883.72675849998
2022-04-06,18499.44675849998
2022-04-07,18549.94675849998
2022-04-08,18694.56675849998
2022-04-10,18576.326758499978
2022-04-11,18475.766758499976
2022-04-12,19100.90675849998
2022-04-13,19367.946758499977
2022-04-14,19613.52675849998
2022-04-17,19806.22675849998
2022-04-18,19740.286758499977
2022-04-19,19250.466758499977
2022-04-20,19146.58675849998
2022-04-21,19240.90675849998
2022-04-22,18984.86675849998
2022-04-24,18874.446758499977
2022-04-25,18561.44675849998
2022-04-26,18909.30675849998
2022-04-27,18805.846758499978
2022-04-28,19146.90675849998
2022-04-29,19064.30675849998
2022-05-01,19122.426758499983
2022-05-02,18998.566758499983
2022-05-03,18864.58675849998
2022-05-04,19424.51675849998
2022-05-05,19373.066758499983
2022-05-06,19586.146758499985
2022-05-08,19445.69675849998
2022-05-09,18728.29675849998
2022-05-10,18263.076758499985
2022-05-11,19000.29675849998
2022-05-12,18945.956758499982
2022-05-13,19182.69675849998
2022-05-15,19300.716758499984
2022-05-16,19612.276758499982
2022-05-17,19527.84675849998
2022-05-18,19016.646758499985
2022-05-19,19451.676758499983
2022-05-20,19373.98675849998
2022-05-22,19371.66675849998
2022-05-23,19352.746758499983
2022-05-24,19500.826758499985
2022-05-25,19441.83675849998
2022-05-26,19736.776758499982
2022-05-27,19831.006758499978
2022-05-29,19864.73675849998
2022-05-30,20086.646758499985
2022-05-31,19746.09675849998
2022-06-01,19646.87675849998
2022-06-02,20087.04675849998
2022-06-03,20317.688258499984
2022-06-05,20321.42175849998
2022-06-06,20216.31975849998
2022-06-07,20296.27025849998
2022-06-08,20507.900758499978
2022-06-09,20323.362258499983
2022-06-10,20193.25300849998
2022-06-12,20037.90125849998
2022-06-13,20117.849258499977
2022-06-14,19914.240758499982
2022-06-15,19782.14100849998
2022-06-16,19764.160508499983
2022-06-17,19151.17150849998
2022-06-19,19039.979008499984
2022-06-20,19039.999508499983
2022-06-21,19106.95900849998
2022-06-22,18627.275758499978
2022-06-23,18654.426008499984
2022-06-24,18951.01125849998
2022-06-26,18898.40450849998
2022-06-27,19249.801008499984
2022-06-28,19382.95425849998
2022-06-29,19190.82500849998
2022-06-30,18895.956508499978
2022-07-01,19083.856258499975
2022-07-03,19004.49625849998
2022-07-04,19231.63625849998
2022-07-05,18208.62625849998
2022-07-06,17850.19625849998
2022-07-07,18470.30625849998
2022-07-08,18828.436258499976
2022-07-10,18786.766258499978
2022-07-11,18424.756258499976
2022-07-12,17323.63625849998
2022-07-13,17525.266258499978
2022-07-14,17524.516258499978
2022-07-15,17688.42625849998
2022-07-17,17685.366258499977
2022-07-18,18250.796258499977
2022-07-19,18528.786258499975
2022-07-20,17939.94625849998
2022-07-21,17817.536258499975
2022-07-22,17787.66625849998
2022-07-24,17726.006258499976
2022-07-25,17942.106258499975
2022-07-26,17838.076258499976
2022-07-27,18220.836258499978
2022-07-28,18162.63625849998
2022-07-29,18330.936258499976
2022-07-31,18251.616258499977
2022-08-01,18076.21625849998
2022-08-02,18046.025058499978
2022-08-03,18069.249058499976
2022-08-04,18058.21765849998
2022-08-05,18009.44725849998
2022-08-07,18006.544258499976
2022-08-08,18068.66845849998
2022-08-09,18048.34745849998
2022-08-10,18126.14785849998
2022-08-11,18133.69565849998
2022-08-12,18124.40605849998
2022-08-14,18122.083658499978
2022-08-15,18034.41305849998
2022-08-16,18075.63565849998
2022-08-17,18024.54285849998
2022-08-18,18004.22185849998
2022-08-19,17972.869458499976
2022-08-21,17967.64405849998
2022-08-22,17934.54985849998
2022-08-23,17996.093458499978
2022-08-24,17988.545658499977
2022-08-25,18010.608458499977
2022-08-26,17944.420058499978
2022-08-28,17925.260258499977
2022-08-29,17967.06345849998
2022-08-30,17906.10045849998
2022-08-31,17871.26445849998
2022-09-01,17867.20025849998
2022-09-02,17884.237758499978
2022-09-04,17871.312758499982
2022-09-05,17879.53775849998
2022-09-06,17862.500258499982
2022-09-07,17880.71275849998
2022-09-08,17913.612758499978
2022-09-09,17955.32525849998
2022-09-11,17953.562758499982
2022-09-12,17983.52525849998
2022-09-13,17855.45025849998
2022-09-14,17861.32525849998
2022-09-15,17801.40025849998
2022-09-16,17783.77525849998
2022-09-18,17794.35025849998
2022-09-19,17806.687758499982
2022-09-20,17726.20025849998
2022-09-21,17651.000258499982
2022-09-22,17654.52525849998
2022-09-23,17582.85025849998
2022-09-25,17585.78775849998
2022-09-26,17502.95025849998
2022-09-27,17495.90025849998
2022-09-28,17555.237758499978
2022-09-29,17527.03775849998
2022-09-30,17426.57525849998
2022-10-02,17458.88775849998
2022-10-03,18332.769258499975
2022-10-04,18620.561758499978
2022-10-05,18609.016258499978
2022-10-06,18249.082258499977
2022-10-07,17912.45575849998
2022-10-09,17910.456758499975
2022-10-10,17820.07725849998
2022-10-11,17537.730758499973
2022-10-12,17516.596758499974
2022-10-13,17498.042758499978
2022-10-14,17074.583258499973
2022-10-16,17175.129258499976
2022-10-17,17254.81225849998
2022-10-18,17201.95625849998
2022-10-19,16922.313258499977
2022-10-20,17206.252258499975
2022-10-21,17811.951758499978
2022-10-23,17853.512258499977
2022-10-24,17623.56425849998
2022-10-25,17555.71575849998
2022-10-26,18062.612258499976
2022-10-27,17973.77425849998
2022-10-28,17599.714758499977
2022-10-30,17588.28975849998
2022-10-31,17438.461258499978
2022-11-01,17882.925258499978
2022-11-02,17531.75025849998
2022-11-03,17539.70025849998
2022-11-04,18616.150258499976
2022-11-06,18371.875258499975
2022-11-07,18782.25025849998
2022-11-08,19266.000258499975
2022-11-09,18971.650258499976
2022-11-10,19680.200258499975
2022-11-11,19700.550258499978
2022-11-13,19652.725258499977
2022-11-14,19648.600258499973
2022-11-15,19501.850258499977
2022-11-16,19295.750258499975
2022-11-17,18873.950258499975
2022-11-18,18811.750258499975
2022-11-20,18848.000258499975
2022-11-21,18805.050258499978
2022-11-22,19005.050258499974
2022-11-23,19299.675258499978
2022-11-24,19149.675258499978
2022-11-25,19070.325258499975
2022-11-27,18936.650258499976
2022-11-28,18883.500258499975
2022-11-29,19119.650258499976
2022-11-30,20119.725258499973
2022-12-01,20324.500258499975
2022-12-02,20049.100258499973
2022-12-04,20103.100258499973
2022-12-05,19879.900258499976
2022-12-06,19787.200258499975
2022-12-07,19938.400258499976
2022-12-08,19958.200258499975
2022-12-09,20150.800258499974
2022-12-11,20068.000258499975
2022-12-12,19915.000258499975
2022-12-13,20194.000258499975
2022-12-14,20149.000258499975
2022-12-15,19941.100258499973
2022-12-16,19813.300258499974
2022-12-18,19838.500258499975
2022-12-19,19711.600258499973
2022-12-20,19934.800258499974
2022-12-21,19851.100258499973
2022-12-22,19680.100258499973
2022-12-23,20099.500258499975
2022-12-26,20131.900258499976
2022-12-27,20041.900258499976
2022-12-28,19919.500258499975
2022-12-29,20425.300258499974
2022-12-30,20595.400258499976
2023-01-02,20591.800258499974
2023-01-03,20336.462170499974
2023-01-04,20313.098698499976
2023-01-05,19982.92429049997
2023-01-06,20331.792526499972
2023-01-08,20433.949114499974
2023-01-09,20279.99375849997
2023-01-10,20233.054618499973
2023-01-11,20158.460998499973
2023-01-12,20540.349622499976
2023-01-13,20845.340974499974
2023-01-15,20828.549950499975
2023-01-16,20823.569638499976
2023-01-17,10454.422234499973
2023-01-18,20442.119326499975
2023-01-19,20617.535350499973
2023-01-20,20559.08920649997
2023-01-22,20601.828850499973
2023-01-23,20228.816326499975
2023-01-24,20363.918374499975
2023-01-25,20577.669310499972
2023-01-26,20509.82287049997
2023-01-27,20372.689042499973
2023-01-29,20385.932410499976
2023-01-30,20293.047142499974
2023-01-31,20370.377098499972
2023-02-01,20648.525290499972
2023-02-02,20252.525290499972
2023-02-03,19739.525290499972
2023-02-05,19740.525290499972
2023-02-06,19774.525290499972
2023-02-07,19815.525290499972
2023-02-08,19829.525290499972
2023-02-09,19697.525290499972
2023-02-10,19726.525290499972
2023-02-12,19697.525290499972
2023-02-13,19610.525290499972
2023-02-14,19615.525290499972
2023-02-15,19424.525290499972
2023-02-16,19396.525290499972
2023-02-17,19475.525290499972
2023-02-19,19439.525290499972
2023-02-20,19468.525290499972
2023-02-21,19307.525290499972
2023-02-22,19296.525290499972
2023-02-23,19267.525290499972
2023-02-24,19142.525290499972
2023-02-26,19147.525290499972
2023-02-27,19117.525290499972
2023-02-28,19285.525290499972
2023-03-01,19392.525290499972
2023-03-02,18962.21529049997
2023-03-03,18941.28129049997
2023-03-05,18827.30729049997
2023-03-06,18966.867290499973
2023-03-07,18466.777290499973
2023-03-08,18769.15729049997
2023-03-09,18636.57529049997
2023-03-10,18643.55329049997
2023-03-12,18762.17929049997
2023-03-13,18787.765290499974
2023-03-14,18636.57529049997
2023-03-15,18071.35729049997
2023-03-16,18055.07529049997
2023-03-17,18122.529290499973
2023-03-19,18296.979290499974
2023-03-20,18403.975290499973
2023-03-21,18638.901290499973
2023-03-22,18808.699290499975
2023-03-23,19087.819290499974
2023-03-24,18950.585290499974
2023-03-26,19013.387290499973
2023-03-27,19062.233290499975
2023-03-28,18971.51929049997
2023-03-29,18966.867290499973
2023-03-30,19094.797290499973
2023-03-31,18999.43129049997
2023-04-02,18941.28129049997
2023-04-03,19053.28129049997
2023-04-04,19198.881290499972
2023-04-05,19191.28129049997
2023-04-06,19140.08129049997
2023-04-07,11045.28129049997
2023-04-09,19128.08129049997
2023-04-10,19010.881290499972
2023-04-11,19066.08129049997
2023-04-12,19175.681290499968
2023-04-13,19261.681290499968
2023-04-14,19116.08129049997
2023-04-16,19107.681290499968
2023-04-17,19070.48129049997
2023-04-18,19116.08129049997
2023-04-19,19066.881290499972
2023-04-20,19111.28129049997
2023-04-21,19021.681290499968
2023-04-23,19024.881290499972
2023-04-24,19065.681290499968
2023-04-25,19086.08129049997
2023-04-26,19048.08129049997
2023-04-27,19029.681290499968
2023-04-28,19042.881290499972
2023-04-30,19027.681290499968
2023-05-01,19005.681290499968
2023-05-02,19005.681290499968
2023-05-03,19005.681290499968
2023-05-04,19005.681290499968
2023-05-05,19005.681290499968
2023-05-07,19005.681290499968
2023-05-08,19005.681290499968
2023-05-09,19005.681290499968
2023-05-10,19005.681290499968
2023-05-11,19005.681290499968
2023-05-12,19005.681290499968
2023-05-14,19005.681290499968
2023-05-15,19005.681290499968
2023-05-16,19005.681290499968
2023-05-17,19005.681290499968
2023-05-18,19005.681290499968
2023-05-19,19005.681290499968
2023-05-21,19005.681290499968
2023-05-22,19005.681290499968
2023-05-23,19005.681290499968
2023-05-24,19005.681290499968
2023-05-25,19005.681290499968
2023-05-26,19005.681290499968
2023-05-28,19005.681290499968
2023-05-29,19005.681290499968
2023-05-30,19005.681290499968
2023-05-31,19005.681290499968
2023-06-01,19005.681290499968
2023-06-02,19022.28424049997
2023-06-04,19027.392840499968
2023-06-05,18996.741240499967
2023-06-06,19069.53879049997
2023-06-07,19106.57614049997
2023-06-08,19119.347640499967
2023-06-09,19149.99924049997
2023-06-11,19152.55354049997
2023-06-12,19115.516190499966
2023-06-13,19185.75944049997
2023-06-14,19167.879340499967
2023-06-15,19318.58304049997
2023-06-16,19368.391890499966
2023-06-18,19378.60909049997
2023-06-19,19362.00614049997
2023-06-20,19340.29459049997
2023-06-21,19434.803690499968
2023-06-22,19453.96094049997
2023-06-23,19407.98354049997
2023-06-25,19425.863640499967
2023-06-26,19447.575190499967
2023-06-27,19379.886240499967
2023-06-28,19298.148640499967
2023-06-29,19299.42579049997
2023-06-30,19298.148640499967
2023-07-02,19300.70294049997
2023-07-03,19303.25724049997
2023-07-04,19337.74029049997
2023-07-05,19247.062640499968
2023-07-06,19133.396290499968
2023-07-07,19259.834140499966
2023-07-09,19257.279840499967
2023-07-10,19261.111290499968
2023-07-11,19327.52309049997
2023-07-12,19390.103440499966
2023-07-13,19496.106890499967
2023-07-14,19333.908840499967
2023-07-16,19326.245940499968
2023-07-17,19364.56044049997
2023-07-18,19415.646440499968
2023-07-19,19420.755040499967
2023-07-20,19404.15209049997
2023-07-21,19328.800240499968
2023-07-23,19327.52309049997
2023-07-24,19401.597790499967
2023-07-25,19382.440540499967
2023-07-26,19358.174690499967
2023-07-27,19321.13734049997
2023-07-28,19278.99139049997
2023-07-30,19286.654290499966
2023-07-31,19373.500490499966
2023-08-01,19261.111290499968
2023-08-02,19261.111290499968
2023-08-03,19261.111290499968
2023-08-04,19261.111290499968
2023-08-06,19261.111290499968
2023-08-07,19261.111290499968
2023-08-08,19261.111290499968
2023-08-09,19261.111290499968
2023-08-10,19261.111290499968
2023-08-11,19261.111290499968
2023-08-13,19261.111290499968
2023-08-14,19261.111290499968
2023-08-15,19261.111290499968
2023-08-16,19261.111290499968
2023-08-17,19261.111290499968
2023-08-18,19261.111290499968
2023-08-20,19261.111290499968
2023-08-21,19261.111290499968
2023-08-22,19261.111290499968
2023-08-23,19261.111290499968
2023-08-24,19261.111290499968
2023-08-25,19261.111290499968
2023-08-27,19261.111290499968
2023-08-28,19261.111290499968
2023-08-29,19261.111290499968
2023-08-30,19261.111290499968
2023-08-31,19261.111290499968
2023-09-01,19261.111290499968
2023-09-03,19233.881290499965
2023-09-04,19141.501290499968
2023-09-05,18960.72129049997
2023-09-06,19008.881290499972
2023-09-07,18825.031290499966
2023-09-08,18862.891290499967
2023-09-10,18845.79129049997
2023-09-11,18942.071290499967
2023-09-12,19102.101290499966
2023-09-13,18998.62129049997
2023-09-14,19116.361290499968
2023-09-15,19346.681290499968
2023-09-17,19334.021290499964
2023-09-18,19431.101290499966
2023-09-19,19356.711290499967
2023-09-20,19168.65129049997
2023-09-21,19342.271290499964
2023-09-22,19451.991290499966
2023-09-24,19487.251290499968
2023-09-25,19208.991290499966
2023-09-26,19200.311290499965
2023-09-27,19436.991290499966
2023-09-28,19239.501290499968
2023-09-29,18940.271290499964
2023-10-01,18948.611290499968
2023-10-02,18443.393790499966
2023-10-03,18464.953790499967
2023-10-04,17843.641290499967
2023-10-05,17661.018790499966
2023-10-06,17832.606290499967
2023-10-08,18097.63879049997
2023-10-09,18276.92129049997
2023-10-10,18148.97629049997
2023-10-11,17805.75629049997
2023-10-12,17777.63879049997
2023-10-13,18178.63129049997
2023-10-15,18197.878790499966
2023-10-16,18100.58629049997
2023-10-17,18283.446290499967
2023-10-18,18254.371290499967
2023-10-19,18362.996290499967
2023-10-20,18195.276290499965
2023-10-22,18146.46879049997
2023-10-23,18051.618790499964
2023-10-24,17926.25629049997
2023-10-25,17946.718790499966
2023-10-26,17830.16379049997
2023-10-27,18100.00629049997
2023-10-29,18031.07629049997
2023-10-30,17859.458790499968
2023-10-31,17720.488790499967
2023-11-01,17719.29379049997
2023-11-02,17892.96379049997
2023-11-03,17743.11379049997
2023-11-05,17744.443790499972
2023-11-06,17677.513790499972
2023-11-07,17229.02379049997
2023-11-08,16983.673790499968
2023-11-09,17012.58379049997
2023-11-10,17128.45379049997
2023-11-12,17088.78379049997
2023-11-13,17286.493790499968
2023-11-14,17308.56379049997
2023-11-15,17102.94379049997
2023-11-16,16828.66379049997
2023-11-17,17127.063790499968
2023-11-19,17146.84379049997
2023-11-20,17318.39379049997
2023-11-21,17398.13379049997
2023-11-22,17251.71379049997
2023-11-23,17226.76379049997
2023-11-24,17135.92379049997
2023-11-26,17189.40379049997
2023-11-27,17185.70379049997
2023-11-28,17463.93379049997
2023-11-29,17576.71379049997
2023-11-30,17411.443790499972
2023-12-01,17400.723790499967
2023-12-03,17579.923790499968
2023-12-04,17243.523790499967
2023-12-05,17181.923790499968
2023-12-06,17210.723790499967
2023-12-07,17212.32379049997
2023-12-08,17117.12379049997
2023-12-10,17126.32379049997
2023-12-11,17027.523790499967
2023-12-12,17024.723790499967
2023-12-13,17223.523790499967
2023-12-14,17233.12379049997
2023-12-15,17169.12379049997
2023-12-17,17157.923790499968
2023-12-18,17198.723790499967
2023-12-19,17249.923790499968
2023-12-20,17209.923790499968
2023-12-21,17291.12379049997
2023-12-22,17291.923790499968
2023-12-25,17300.32379049997
2023-12-26,17263.12379049997
2023-12-27,17393.923790499968
2023-12-28,17339.923790499968
2023-12-29,17321.12379049997
2024-01-01,17325.523790499967
2024-01-02,17275.099790499968
2024-01-03,17257.909790499965
2024-01-04,17252.752790499966
2024-01-05,17251.033790499965
2024-01-07,17249.314790499964
2024-01-08,17255.044790499967
2024-01-09,17230.405790499964
2024-01-10,17237.281790499965
2024-01-11,17236.708790499964
2024-01-12,17218.945790499965
2024-01-14,17218.37279049997
2024-01-15,17200.036790499966
2024-01-16,17166.229790499965
2024-01-17,17157.634790499964
2024-01-18,17167.948790499966
2024-01-19,17202.328790499967
2024-01-21,17201.182790499966
2024-01-22,17171.95979049997
2024-01-23,17185.71179049997
2024-01-24,17141.590790499966
2024-01-25,17170.240790499964
2024-01-26,17188.003790499966
2024-01-28,17185.138790499965
2024-01-29,17213.215790499966
2024-01-30,17219.518790499966
2024-01-31,17200.036790499966
2024-02-01,17230.405790499964
2024-02-02,17230.405790499964
2024-02-04,17230.405790499964
2024-02-05,17230.405790499964
2024-02-06,17230.405790499964
2024-02-07,17230.405790499964
2024-02-08,17230.405790499964
2024-02-09,17230.405790499964
2024-02-11,17230.405790499964
2024-02-12,17230.405790499964
2024-02-13,17230.405790499964
2024-02-14,17230.405790499964
2024-02-15,17230.405790499964
2024-02-16,17230.405790499964
2024-02-18,17230.405790499964
2024-02-19,17230.405790499964
2024-02-20,17230.405790499964
2024-02-21,17230.405790499964
2024-02-22,17230.405790499964
2024-02-23,17230.405790499964
2024-02-25,17230.405790499964
2024-02-26,17230.405790499964
2024-02-27,17230.405790499964
2024-02-28,17230.405790499964
2024-02-29,17230.405790499964
2024-03-01,17230.405790499964
2024-03-03,17230.405790499964
2024-03-04,17230.405790499964
2024-03-05,17230.405790499964
2024-03-06,17230.405790499964
2024-03-07,17230.405790499964
2024-03-08,17230.405790499964
2024-03-10,17230.405790499964
2024-03-11,17230.405790499964
2024-03-12,17230.405790499964
2024-03-13,17230.405790499964
2024-03-14,17230.405790499964
2024-03-15,17230.405790499964
2024-03-17,17230.405790499964
2024-03-18,17230.405790499964
2024-03-19,17230.405790499964
2024-03-20,17230.405790499964
2024-03-21,17230.405790499964
2024-03-22,17230.405790499964
2024-03-24,17230.405790499964
2024-03-25,17230.405790499964
2024-03-26,17230.405790499964
2024-03-27,17230.405790499964
2024-03-28,17230.405790499964
2024-03-31,17230.405790499964
2024-04-01,17230.405790499964
2024-04-02,17546.365790499964
2024-04-03,17607.445790499965
2024-04-04,17722.885790499968
2024-04-05,17819.845790499967
2024-04-07,17678.185790499967
2024-04-08,17837.485790499966
2024-04-09,17747.905790499968
2024-04-10,17783.305790499966
2024-04-11,17827.945790499965
2024-04-12,17722.585790499965
2024-04-14,17798.845790499967
2024-04-15,17868.805790499966
2024-04-16,17836.345790499967
2024-04-17,17517.025790499967
2024-04-18,17534.365790499964
2024-04-19,17521.405790499964
2024-04-21,17484.025790499967
2024-04-22,17340.445790499965
2024-04-23,17448.385790499968
2024-04-24,17342.005790499963
2024-04-25,17496.085790499965
2024-04-26,17508.205790499967
2024-04-28,17455.705790499967
2024-04-29,17384.185790499963
2024-04-30,17128.765790499965
2024-05-01,16994.485790499966
2024-05-02,16939.25179049997
2024-05-03,16890.99579049997
2024-05-05,16887.674290499966
2024-05-06,17158.131290499965
2024-05-07,17017.120290499966
2024-05-08,16973.595290499965
2024-05-09,17242.197290499964
2024-05-10,17197.751790499966
2024-05-12,17190.575790499966
2024-05-13,17324.809790499967
2024-05-14,17457.88429049997
2024-05-15,17726.160290499967
2024-05-16,17708.983790499966
2024-05-17,18281.896290499964
2024-05-19,18263.807790499966
2024-05-20,18299.224290499966
2024-05-21,18279.176790499965
2024-05-22,17719.317290499966
2024-05-23,17519.552290499967
2024-05-24,17565.259790499967
2024-05-26,17598.716790499966
2024-05-27,17869.805290499964
2024-05-28,18020.49779049997
2024-05-29,17803.080790499967
2024-05-30,17465.830790499967
2024-05-31,17363.406290499966
2024-06-02,17356.85079049996
2024-06-03,17400.57879049996
2024-06-04,16970.912790499962
2024-06-05,17145.37279049996
2024-06-06,17439.218790499963
2024-06-07,16663.684790499963
2024-06-09,16720.53479049996
2024-06-10,16869.706790499964
2024-06-11,16733.62279049996
2024-06-12,16756.74479049996
2024-06-13,16591.99879049996
2024-06-14,16770.088790499958
2024-06-16,16747.35479049996
2024-06-17,16759.33479049996
2024-06-18,16814.11879049996
2024-06-19,16870.24279049996
2024-06-20,17114.268790499962
2024-06-21,16818.524790499963
2024-06-23,16767.69479049996
2024-06-24,16829.762790499964
2024-06-25,16623.35079049996
2024-06-26,16671.822790499962
2024-06-27,16696.136790499964
2024-06-28,16798.05079049996
2024-06-30,16796.18679049996
2024-07-01,16817.632790499963
2024-07-02,16831.252990499965
2024-07-03,16851.517190499962
2024-07-04,16853.842590499964
2024-07-05,16874.438990499963
2024-07-07,16871.116990499962
2024-07-08,16873.77459049996
2024-07-09,16864.805190499963
2024-07-10,16886.398190499964
2024-07-11,16909.65219049996
2024-07-12,16931.577390499962
2024-07-14,16923.936790499964
2024-07-15,16924.933390499962
2024-07-16,16927.590990499964
2024-07-17,16937.556990499965
2024-07-18,16917.957190499965
2024-07-19,16905.665790499963
2024-07-21,16912.641990499964
2024-07-22,16911.645390499965
2024-07-23,16902.011590499962
2024-07-24,16900.682790499963
2024-07-25,16886.730390499964
2024-07-26,16890.38459049996
2024-07-28,16890.716790499962
2024-07-29,16888.391390499964
2024-07-30,16881.082990499963
2024-07-31,16885.733790499962
2024-08-01,16844.873190499962
2024-08-02,17044.85456949996
2024-08-04,17074.48247449996
2024-08-05,17020.85036649996
2024-08-06,17030.46722049996
2024-08-07,16935.849130499962
2024-08-08,16881.76649449996
2024-08-09,16933.88932549996
2024-08-11,16915.33780949996
2024-08-12,16982.12255149996
2024-08-13,16983.54706649996
2024-08-14,16953.07263849996
2024-08-15,16842.01302349996
2024-08-16,16978.65650049996
2024-08-18,16951.38889949996
2024-08-19,17017.11634849996
2024-08-20,17129.25351549996
2024-08-21,17143.64373949996
2024-08-22,17066.92884949996
2024-08-23,17181.135199499964
2024-08-25,17202.69226549996
2024-08-26,17175.58030849996
2024-08-27,17228.68241049996
2024-08-28,17186.755316499963
2024-08-29,17150.65652949996
2024-08-30,17089.76227549996
2024-09-01,17077.88866749996
2024-09-02,17072.707990499963
2024-09-03,17054.01023399996
2024-09-04,17173.19653849996
2024-09-05,17215.03234549996
2024-09-06,17203.52897899996
2024-09-08,17196.25368799996
2024-09-09,17144.227493499962
2024-09-10,17181.74002899996
2024-09-11,17140.35183499996
2024-09-12,17278.66508049996
2024-09-13,17313.65650099996
2024-09-15,17325.12289649996
2024-09-16,17439.041431499958
2024-09-17,17373.51290949996
2024-09-18,17337.80106949996
2024-09-19,17401.79049999996
2024-09-20,17419.74845949996
2024-09-22,17407.68923049996
2024-09-23,17420.24623149996
2024-09-24,17529.078154499963
2024-09-25,17409.08785499996
2024-09-26,17461.187075499958
2024-09-27,17516.73262499996
2024-09-29,17509.15451649996
2024-09-30,17438.685880999958
2024-10-01,17400.281568999962
2024-10-02,17279.00638699996
2024-10-03,17239.73614899996
2024-10-04,17113.577392999963
2024-10-06,17099.955840999963
2024-10-07,17122.306036999962
2024-10-08,17085.559829999962
2024-10-09,17006.807110999962
2024-10-10,17066.387564999965
2024-10-11,17068.538554999963
2024-10-13,17048.25583899996
2024-10-14,17016.082022999963
2024-10-15,17056.24437399996
2024-10-16,17042.028186999964
2024-10-17,17025.99829299996
2024-10-18,17080.21275599996
2024-10-20,17075.007453999962
2024-10-21,17016.697967999964
2024-10-22,17020.309905999962
2024-10-23,16929.15826299996
2024-10-24,16978.991864999964
2024-10-25,16965.357983999962
2024-10-27,16921.34102099996
2024-10-28,16940.88002899996
2024-10-29,16959.62313199996
2024-10-30,16953.938411999963
2024-10-31,16956.67585099996
2024-11-01,16871.418541999963
2024-11-03,16879.36854199996
2024-11-04,16863.86854199996
2024-11-05,16912.81354199996
2024-11-06,16628.473541999963
2024-11-07,16781.76854199996
2024-11-08,16668.86854199996
2024-11-10,16683.313541999963
2024-11-11,16529.968541999962
2024-11-12,16501.888541999964
2024-11-13,16414.78354199996
2024-11-14,16423.83854199996
2024-11-15,16403.958541999964
2024-11-17,16430.51854199996
2024-11-18,16571.193541999965
2024-11-19,16608.718541999962
2024-11-20,16575.653541999964
2024-11-21,16568.933541999962
2024-11-22,16692.788541999962
2024-11-24,16704.573541999962
2024-11-25,16423.83854199996
2024-11-26,16484.683541999962
2024-11-27,16446.513541999964
2024-11-28,16470.288541999962
2024-11-29,16609.14354199996
2024-12-01,16583.74854199996
2024-12-02,16582.54854199996
2024-12-03,16563.24854199996
2024-12-04,16570.24854199996
2024-12-05,16540.848541999963
2024-12-06,16551.648541999963
2024-12-08,16557.148541999963
2024-12-09,16540.448541999962
2024-12-10,16532.148541999963
2024-12-11,16540.24854199996
2024-12-12,16501.04854199996
2024-12-13,16487.848541999963
2024-12-15,16497.148541999963
2024-12-16,16501.648541999963
2024-12-17,16475.848541999963
2024-12-18,16390.54854199996
2024-12-19,16383.048541999962
2024-12-20,16407.848541999963
2024-12-22,16420.648541999963
2024-12-23,16398.448541999962
2024-12-24,16419.148541999963
2024-12-25,16419.948541999962
2024-12-26,16441.148541999963
2024-12-27,16405.848541999963
2024-12-29,16403.348541999963
2024-12-30,16387.148541999963
2024-12-31,16391.04854199996
2025-01-01,16392.14854199996
2025-01-02,16448.36854199996
2025-01-03,16535.308541999962
2025-01-05,16544.26854199996
2025-01-06,16495.168541999963
2025-01-07,16551.42854199996
2025-01-08,16455.86854199996
2025-01-09,16502.42854199996
2025-01-10,16590.40854199996
2025-01-12,16672.54854199996
2025-01-13,16736.72854199996
2025-01-14,16707.82854199996
2025-01-15,16812.948541999962
2025-01-16,16748.56854199996
2025-01-17,16725.808541999962
2025-01-19,16738.60854199996
2025-01-20,16707.92854199996
2025-01-21,16693.72854199996
2025-01-22,16632.90854199996
2025-01-23,16587.24854199996
2025-01-24,16603.08854199996
2025-01-26,16565.14854199996
2025-01-27,16495.14854199996
2025-01-28,16538.08854199996
2025-01-29,16488.948541999962
2025-01-30,16515.988541999963
2025-01-31,16532.848541999963
2025-02-02,16472.988541999963
2025-02-03,16374.443541999963
2025-02-04,16496.361741999965
2025-02-05,16999.51424199996
2025-02-06,16597.61964199996
2025-02-07,16754.290641999964
2025-02-09,16761.042641999964
2025-02-10,16960.51024199996
2025-02-11,16962.524541999963
2025-02-12,16942.675041999963
2025-02-13,17125.567641999965
2025-02-14,17199.18474199996
2025-02-16,17200.515241999965
2025-02-17,17196.819041999966
2025-02-18,16758.485741999964
2025-02-19,17136.964341999963
2025-02-20,17226.385941999964
2025-02-21,17006.56674199996
2025-02-23,17034.870341999966
2025-02-24,16947.821741999964
2025-02-25,16984.984541999962
2025-02-26,16860.067641999965
2025-02-27,16836.82504199996
2025-02-28,16755.86964199996
2025-03-02,16826.774541999963
2025-03-03,16926.200486999962
2025-03-04,16886.487434499963
2025-03-05,17115.662806999964
2025-03-06,17099.769394499963
2025-03-07,17038.86969199996
2025-03-09,17062.055394499963
2025-03-10,17000.742531999964
2025-03-11,17123.78280949996
2025-03-12,17184.158674499962
2025-03-13,17332.275119499962
2025-03-14,17247.25397949996
2025-03-16,17254.195136999962
2025-03-17,17368.250869499963
2025-03-18,17422.97778949996
2025-03-19,17601.757241999963
2025-03-20,13468.056384499963
2025-03-21,13412.469744499962
2025-03-23,6122.954149499962
2025-03-24,6082.650149499962
2025-03-25,6217.760149499963
2025-03-26,6230.584149499962
2025-03-27,6114.710149499962
2025-03-28,6105.550149499963
2025-03-30,6126.160149499962
2025-03-31,6051.964149499962
2025-04-01,6045.094149499962
2025-04-02,5895.219149499962
2025-04-03,5778.316649499962
2025-04-04,5261.547649499962
2025-04-06,5010.956649499963
2025-04-07,5150.0406494999625
2025-04-08,4881.464649499962
2025-04-09,5281.930649499963
2025-04-10,5244.761649499962
2025-04-11,5458.783149499963
2025-04-13,5477.967149499963
2025-04-14,5579.882149499963
2025-04-15,5531.322649499963
2025-04-16,5614.653149499963
2025-04-17,5641.630649499963
2025-04-20,5627.842149499963
2025-04-21,5657.817149499962
2025-04-22,5859.848649499962
2025-04-23,5793.903649499963
2025-04-24,5852.055149499962
2025-04-25,5809.490649499962
2025-04-27,5789.1076494999625
2025-04-28,5876.6346494999625
2025-04-29,5827.475649499963
2025-04-30,5542.713149499962
2025-05-01,5556.501649499963
2025-05-02,5568.0186494999625
2025-05-04,5566.099149499963
2025-05-05,5566.866949499963
2025-05-06,5586.829749499963
2025-05-07,5560.724549499962
2025-05-08,5524.637949499963
2025-05-09,5518.495549499963
2025-05-11,5523.102349499964
2025-05-12,5504.291249499963
2025-05-13,5520.415049499963
2025-05-14,5501.987849499963
2025-05-15,5510.049749499963
2025-05-16,5505.442949499963
2025-05-18,5510.817549499963
2025-05-19,5508.514149499963
2025-05-20,5527.709149499963
2025-05-21,5546.904149499963
2025-05-22,5546.904149499963
2025-05-23,5598.346749499962
2025-05-25,5596.043349499963
2025-05-26,5595.659449499963
2025-05-27,5565.715249499963
2025-05-28,5547.671949499963
2025-05-29,5565.715249499963
2025-05-30,5592.588249499963
2025-06-01,5598.346749499962
2025-06-02,5604.105249499963
2025-06-03,5602.185749499963
2025-06-04,5615.622249499963
2025-06-05,5620.612949499963
2025-06-06,5608.7120494999635
2025-06-08,5609.863749499963
2025-06-09,5606.408649499963
2025-06-10,5619.077349499963
2025-06-11,5620.2290494999625
2025-06-12,5647.8698494999635
2025-06-13,5653.244449499963
2025-06-15,5649.405449499963
2025-06-16,5682.420849499963
2025-06-17,5636.352849499963
2025-06-18,5630.978249499963
2025-06-19,5630.594349499963
2025-06-20,5615.622249499963
2025-06-22,5591.436549499963
2025-06-23,5615.622249499963
2025-06-24,5617.157849499963
2025-06-25,5622.148549499962
2025-06-26,5650.557149499963
2025-06-27,5635.585049499963
2025-06-29,5633.665549499963
2025-06-30,5664.761449499963
2025-07-01,5649.021549499963
2025-07-02,5649.021549499963
2025-07-03,5649.021549499963
2025-07-04,5649.021549499963
2025-07-06,5649.021549499963
2025-07-07,5649.021549499963
2025-07-08,5649.021549499963
2025-07-09,5649.021549499963
2025-07-10,5649.021549499963
2025-07-11,5649.021549499963
2025-07-13,5649.021549499963
2025-07-14,5649.021549499963
2025-07-15,5649.021549499963
2025-07-16,5649.021549499963
2025-07-17,5649.021549499963
2025-07-18,5649.021549499963
2025-07-20,5649.021549499963
2025-07-21,5649.021549499963
2025-07-22,5649.021549499963
2025-07-23,5649.021549499963
2025-07-24,5649.021549499963
2025-07-25,5649.021549499963
2025-07-27,5649.021549499963
2025-07-28,5649.021549499963
2025-07-29,5649.021549499963
2025-07-30,5649.021549499963
2025-07-31,5649.021549499963
2025-08-01,5649.021549499963
2025-08-03,5649.021549499963
2025-08-04,5649.021549499963
2025-08-05,5649.021549499963
2025-08-06,5649.021549499963
2025-08-07,5649.021549499963
2025-08-08,5649.021549499963
2025-08-10,5649.021549499963
2025-08-11,5649.021549499963
2025-08-12,5649.021549499963
2025-08-13,5649.021549499963
2025-08-14,5649.021549499963
2025-08-15,5649.021549499963
2025-08-17,5649.021549499963
2025-08-18,5649.021549499963
2025-08-19,5649.021549499963
2025-08-20,5649.021549499963
2025-08-21,5649.021549499963
2025-08-22,5649.021549499963
2025-08-24,5649.021549499963
2025-08-25,5649.021549499963
2025-08-26,5649.021549499963
